  CREATE DATABASE grouping_system;

  USE grouping_system;




  CREATE TABLE `student`
  (
    `stud_number` INT(11) PRIMARY KEY AUTO_INCREMENT,
    `first_name`	VARCHAR(20) NOT NULL,
	  `last_name` VARCHAR(20) NOT NULL,
    `gender` CHAR(1) NOT NULL,
    `id_nr` CHAR(13) NOT NULL,
    `phone` CHAR(10) NOT NULL UNIQUE,
    `email` VARCHAR(70) NOT NULL UNIQUE,
    `address` VARCHAR(300),
    `password` VARCHAR(250)
  );


  CREATE TABLE `module`
  (
    `module_id` INT(8) PRIMARY KEY AUTO_INCREMENT,
    `module_code` VARCHAR(10),
    `module_name` VARCHAR(50),
    `module_level` INT(2),
    `module_group` INT(2),
    `credit` DECIMAL(5,4),
    `semester` INT(1), 
    `year` INT(1)
  );
  INSERT INTO `module` (`module_code`, `module_name`, `credit`, `module_level`, `module_group`) VALUES
    -- 1ST YEAR FIRST SEMESTER
  ('CFS10AT', 'Computing Fundamentals IA', '0.1250', 1, 4),
  ('CGS10AT', 'Computing Systems IA', '0.1250', 1, 3),
  ('DSO17AT', 'Development Software IA', '0.1250', 1, 1),
  ('CMK10AT', 'Computing Skills IA', '0.1250', 1, 2),
    -- 1ST YEAR
    -- SECOND SEMESTER
  ('DSO17BT', 'Development Software IB', '0.1250', 2, 1),
  ('CMK10BT', 'Computing Skills IB', '0.1250', 2, 2),
  ('CGS10BT', 'Computing Systems IB', '0.1250', 2, 3),
  ('CFS10BT', 'Computing Fundamentals IB', '0.1250', 2, 4),
    -- 2ND YEAR FIRST SEMESTER
  ('DSO23AT', 'Development Software IIA', '0.1250', 3, 4),
  ('TPG111T', 'Technical Programming I', '0.2500', 3, 1),
  ('SSF24AT', 'System Software IIA', '0.1250', 3, 3),
  ('ISY23AT', 'Information Systems IIA', '0.1250', 3, 4),
    -- 2ND YEAR
    -- SECOND SEMESTER
  ('SSF24BT', 'System Software IIB', '0.1250', 4, 3),
  ('ISY23BT', 'Information Systems IIB', '0.1250', 4, 4),
  ('TPG201T', 'Technical Programming II', '0.2500', 4, 1),
  ('DSO23BT', 'Development Software IIB', '0.1250', 4, 4),
  -- 3RD YEAR FIRST SEMESTER
  ('IDC30AT', 'Industrial Exposure IIIA', '0.1250', 5, 2),
  ('ISY34AT', 'Information System IIIA', '0.1250', 5, 4),
  ('ISY34BT', 'Information System IIIB', '0.1250', 5, 4),
  ('DSO34BT', 'Developement Software IIIA', '0.1250', 5, 4),
  ('DSO34AT', 'Developement Software IIIB', '0.1250', 5, 4);


CREATE TABLE `lecturer`
(
  `staff_number` INT(11) PRIMARY KEY AUTO_INCREMENT,
  `first_name` VARCHAR(15) NOT NULL,
  `last_name` VARCHAR(15) NOT NULL,
  `id_nr` CHAR(13) UNIQUE,
  `sex` CHAR(1) NOT NULL,
  `phone` CHAR(10) NOT NULL UNIQUE,
  `email` VARCHAR(40) NOT NULL UNIQUE,
  `address` VARCHAR(200),
  `password` VARCHAR(250)
);

INSERT INTO `lecturer` (`staff_number`, `first_name`, `last_name`, `id_nr`, `sex`, `phone`, `email`) VALUES
(100000, 'Admin', 'Admin', 0000000000000, 'A', 0000000000,  'admin');

CREATE TABLE `lecturer_module`
(
  `student_module_id` INT(11) PRIMARY KEY AUTO_INCREMENT,
  `module_id` INT(8) NOT NULL,
  `staff_number` INT(11) NOT NULL,
  FOREIGN KEY (`module_id`) REFERENCES `module` (`module_id`),
  FOREIGN KEY (`staff_number`) REFERENCES `lecturer` (`staff_number`)
);

CREATE TABLE `student_module`
(
  `student_module_id` INT(11) PRIMARY KEY AUTO_INCREMENT,
  `module_id` INT(8),
  `stud_number` INT(11) NOT NULL,
  FOREIGN KEY (`module_id`) REFERENCES `module` (`module_id`),
  FOREIGN KEY (`stud_number`) REFERENCES `student` (`stud_number`)
);



CREATE TABLE `group`
(
  `group_id` INT(11) PRIMARY KEY AUTO_INCREMENT,
  `group_name` VARCHAR(40),
  `module_id` INT(8),
  FOREIGN KEY (`module_id`) REFERENCES `module` (`module_id`)
);

CREATE TABLE `group_member`
(
 `group_member_id` INT(11) PRIMARY KEY AUTO_INCREMENT,
 `stud_number` INT(11) NOT NULL,
 `group_id` INT(11) NOT NULL,
 FOREIGN KEY(`group_id`) REFERENCES `group`(`group_id`),
 FOREIGN KEY(`stud_number`) REFERENCES `student`(`stud_number`)
);



INSERT INTO student (`stud_number`,`first_name`,`last_name`, `gender`,`email`,`id_nr`,`phone`,`address`) VALUES ("210123745", "Lowell", "Cordeiro", "M", "210123745@tut4life.ac.za", "9709125473082", "0643870095", "6649 N Blue Gum St,New Orleans,Orleans,LA,70116");
INSERT INTO student (`stud_number`,`first_name`,`last_name`, `gender`,`email`,`id_nr`,`phone`,`address`) VALUES ("210866356", "Geoffrey", "Nicol", "M", "210866356@tut4life.ac.za", "8709195424082", "0665760195", "4 B Blue Ridge Blvd,Brighton,Livingston,MI,48116");
INSERT INTO student (`stud_number`,`first_name`,`last_name`, `gender`,`email`,`id_nr`,`phone`,`address`) VALUES ("210752252", "Branden", "Hager", "M", "210752252@tut4life.ac.za", "9802095200084", "0619960583", "8 W Cerritos Ave #54,Bridgeport,Gloucester,NJ,8014");
INSERT INTO student (`stud_number`,`first_name`,`last_name`, `gender`,`email`,`id_nr`,`phone`,`address`) VALUES ("210863199", "Nicolas", "Crupi", "M", "210863199@tut4life.ac.za", "8807225957082", "0727840833", "639 Main St,Anchorage,Anchorage,AK,99501");
INSERT INTO student (`stud_number`,`first_name`,`last_name`, `gender`,`email`,`id_nr`,`phone`,`address`) VALUES ("210780143", "Samuel", "Briseno", "M", "210780143@tut4life.ac.za", "8810065063083", "0758860580", "34 Center St,Hamilton,Butler,OH,45011");
INSERT INTO student (`stud_number`,`first_name`,`last_name`, `gender`,`email`,`id_nr`,`phone`,`address`) VALUES ("210816728", "Bradly", "Toman", "M", "210816728@tut4life.ac.za", "9303015162084", "0674760214", "3 Mcauley Dr,Ashland,Ashland,OH,44805");
INSERT INTO student (`stud_number`,`first_name`,`last_name`, `gender`,`email`,`id_nr`,`phone`,`address`) VALUES ("210310923", "Gregorio", "Barnwell", "M", "210310923@tut4life.ac.za", "8809075615082", "0779490743", "7 Eads St,Chicago,Cook,IL,60632");
INSERT INTO student (`stud_number`,`first_name`,`last_name`, `gender`,`email`,`id_nr`,`phone`,`address`) VALUES ("210880942", "Alejandro", "Ruocco", "M", "210880942@tut4life.ac.za", "9609125254082", "0629350243", "7 W Jackson Blvd,San Jose,Santa Clara,CA,95111");
INSERT INTO student (`stud_number`,`first_name`,`last_name`, `gender`,`email`,`id_nr`,`phone`,`address`) VALUES ("210489951", "Robby", "Ellett", "M", "210489951@tut4life.ac.za", "8305225933084", "0725740619", "5 Boston Ave #88,Sioux Falls,Minnehaha,SD,57105");
INSERT INTO student (`stud_number`,`first_name`,`last_name`, `gender`,`email`,`id_nr`,`phone`,`address`) VALUES ("210734813", "Jospeh", "Arciniega", "M", "210734813@tut4life.ac.za", "9207175702084", "0665790603", "228 Runamuck Pl #2808,Baltimore,Baltimore City,MD,21224");
INSERT INTO student (`stud_number`,`first_name`,`last_name`, `gender`,`email`,`id_nr`,`phone`,`address`) VALUES ("210398631", "Terrance", "Hulse", "M", "210398631@tut4life.ac.za", "9002205554084", "0688230767", "2371 Jerrold Ave,Kulpsville,Montgomery,PA,19443");
INSERT INTO student (`stud_number`,`first_name`,`last_name`, `gender`,`email`,`id_nr`,`phone`,`address`) VALUES ("210777642", "Rory", "Razor", "M", "210777642@tut4life.ac.za", "9503225505082", "07100170312", "37275 St  Rt 17m M,Middle Island,Suffolk,NY,11953");
INSERT INTO student (`stud_number`,`first_name`,`last_name`, `gender`,`email`,`id_nr`,`phone`,`address`) VALUES ("210201198", "Stephen", "Baumgarten", "M", "210201198@tut4life.ac.za", "8304025070083", "0731430735", "25 E 75th St #69,Los Angeles,Los Angeles,CA,90034");
INSERT INTO student (`stud_number`,`first_name`,`last_name`, `gender`,`email`,`id_nr`,`phone`,`address`) VALUES ("210293917", "Micheal", "Keenan", "M", "210293917@tut4life.ac.za", "9004255440084", "0617040232", "98 Connecticut Ave Nw,Chagrin Falls,Geauga,OH,44023");
INSERT INTO student (`stud_number`,`first_name`,`last_name`, `gender`,`email`,`id_nr`,`phone`,`address`) VALUES ("210895643", "Scottie", "Granada", "M", "210895643@tut4life.ac.za", "8709245606083", "0747910094", "56 E Morehead St,Laredo,Webb,TX,78045");
INSERT INTO student (`stud_number`,`first_name`,`last_name`, `gender`,`email`,`id_nr`,`phone`,`address`) VALUES ("210843261", "Ronny", "Millard", "M", "210843261@tut4life.ac.za", "9203145797082", "0721050642", "73 State Road 434 E,Phoenix,Maricopa,AZ,85013");
INSERT INTO student (`stud_number`,`first_name`,`last_name`, `gender`,`email`,`id_nr`,`phone`,`address`) VALUES ("210974916", "Issac", "Dalby", "M", "210974916@tut4life.ac.za", "9601155992084", "0743230339", "69734 E Carrillo St,Mc Minnville,Warren,TN,37110");
INSERT INTO student (`stud_number`,`first_name`,`last_name`, `gender`,`email`,`id_nr`,`phone`,`address`) VALUES ("210405605", "Sandy", "Ashburn", "M", "210405605@tut4life.ac.za", "8509125597084", "0644630431", "322 New Horizon Blvd,Milwaukee,Milwaukee,WI,53207");
INSERT INTO student (`stud_number`,`first_name`,`last_name`, `gender`,`email`,`id_nr`,`phone`,`address`) VALUES ("210186245", "Hong", "Ramsier", "M", "210186245@tut4life.ac.za", "8901255188082", "0638410113", "1 State Route 27,Taylor,Wayne,MI,48180");
INSERT INTO student (`stud_number`,`first_name`,`last_name`, `gender`,`email`,`id_nr`,`phone`,`address`) VALUES ("210683990", "Dong", "Boise", "M", "210683990@tut4life.ac.za", "9701085123084", "0732530873", "394 Manchester Blvd,Rockford,Winnebago,IL,61109");
INSERT INTO student (`stud_number`,`first_name`,`last_name`, `gender`,`email`,`id_nr`,`phone`,`address`) VALUES ("210176623", "Dwight", "Kirsh", "M", "210176623@tut4life.ac.za", "8105215978083", "0778390892", "6 S 33rd St,Aston,Delaware,PA,19014");
INSERT INTO student (`stud_number`,`first_name`,`last_name`, `gender`,`email`,`id_nr`,`phone`,`address`) VALUES ("210676210", "Guadalupe", "Kral", "M", "210676210@tut4life.ac.za", "9408155813083", "0671790364", "6 Greenleaf Ave,San Jose,Santa Clara,CA,95111");
INSERT INTO student (`stud_number`,`first_name`,`last_name`, `gender`,`email`,`id_nr`,`phone`,`address`) VALUES ("210880235", "Edward", "Schull", "M", "210880235@tut4life.ac.za", "9203195404082", "0725240304", "618 W Yakima Ave,Irving,Dallas,TX,75062");
INSERT INTO student (`stud_number`,`first_name`,`last_name`, `gender`,`email`,`id_nr`,`phone`,`address`) VALUES ("210937253", "Werner", "Kriner", "M", "210937253@tut4life.ac.za", "8207105610084", "0612940929", "74 S Westgate St,Albany,Albany,NY,12204");
INSERT INTO student (`stud_number`,`first_name`,`last_name`, `gender`,`email`,`id_nr`,`phone`,`address`) VALUES ("210522623", "Brain", "Rasmussen", "M", "210522623@tut4life.ac.za", "8811135251082", "0635160445", "3273 State St,Middlesex,Middlesex,NJ,8846");
INSERT INTO student (`stud_number`,`first_name`,`last_name`, `gender`,`email`,`id_nr`,`phone`,`address`) VALUES ("210875988", "Benny", "Barkett", "M", "210875988@tut4life.ac.za", "8210015869084", "0787610349", "1 Central Ave,Stevens Point,Portage,WI,54481");
INSERT INTO student (`stud_number`,`first_name`,`last_name`, `gender`,`email`,`id_nr`,`phone`,`address`) VALUES ("210154588", "Emil", "Marrone", "M", "210154588@tut4life.ac.za", "8606265767083", "0623260934", "86 Nw 66th St #8673,Shawnee,Johnson,KS,66218");
INSERT INTO student (`stud_number`,`first_name`,`last_name`, `gender`,`email`,`id_nr`,`phone`,`address`) VALUES ("210782169", "Brendan", "Ohanlon", "M", "210782169@tut4life.ac.za", "8903255589082", "0767370439", "2 Cedar Ave #84,Easton,Talbot,MD,21601");
INSERT INTO student (`stud_number`,`first_name`,`last_name`, `gender`,`email`,`id_nr`,`phone`,`address`) VALUES ("210314948", "Roger", "Horton", "M", "210314948@tut4life.ac.za", "9301125060083", "0735810476", "90991 Thorburn Ave,New York,New York,NY,10011");
INSERT INTO student (`stud_number`,`first_name`,`last_name`, `gender`,`email`,`id_nr`,`phone`,`address`) VALUES ("210797143", "Gabriel", "Rothchild", "M", "210797143@tut4life.ac.za", "8511245994082", "0789850703", "386 9th Ave N,Conroe,Montgomery,TX,77301");
INSERT INTO student (`stud_number`,`first_name`,`last_name`, `gender`,`email`,`id_nr`,`phone`,`address`) VALUES ("210996051", "Young", "Fritsch", "M", "210996051@tut4life.ac.za", "9707195646084", "0679930417", "74874 Atlantic Ave,Columbus,Franklin,OH,43215");
INSERT INTO student (`stud_number`,`first_name`,`last_name`, `gender`,`email`,`id_nr`,`phone`,`address`) VALUES ("210209733", "Arnulfo", "Rimer", "M", "210209733@tut4life.ac.za", "8204035395082", "07200950901", "366 South Dr,Las Cruces,Dona Ana,NM,88011");
INSERT INTO student (`stud_number`,`first_name`,`last_name`, `gender`,`email`,`id_nr`,`phone`,`address`) VALUES ("210103057", "Haywood", "Ehlers", "M", "210103057@tut4life.ac.za", "9110055593082", "0753790898", "45 E Liberty St,Ridgefield Park,Bergen,NJ,7660");
INSERT INTO student (`stud_number`,`first_name`,`last_name`, `gender`,`email`,`id_nr`,`phone`,`address`) VALUES ("210673783", "Randell", "Awong", "M", "210673783@tut4life.ac.za", "9301125252084", "0723910793", "4 Ralph Ct,Dunellen,Middlesex,NJ,8812");
INSERT INTO student (`stud_number`,`first_name`,`last_name`, `gender`,`email`,`id_nr`,`phone`,`address`) VALUES ("210725657", "Luke", "Creasey", "M", "210725657@tut4life.ac.za", "8402105635084", "0688340473", "2742 Distribution Way,New York,New York,NY,10025");
INSERT INTO student (`stud_number`,`first_name`,`last_name`, `gender`,`email`,`id_nr`,`phone`,`address`) VALUES ("210324048", "Jarvis", "Groseclose", "M", "210324048@tut4life.ac.za", "9501195990084", "0614200094", "426 Wolf St,Metairie,Jefferson,LA,70002");
INSERT INTO student (`stud_number`,`first_name`,`last_name`, `gender`,`email`,`id_nr`,`phone`,`address`) VALUES ("210746053", "Carlos", "Deardorff", "M", "210746053@tut4life.ac.za", "8902225303084", "0618780857", "128 Bransten Rd,New York,New York,NY,10011");
INSERT INTO student (`stud_number`,`first_name`,`last_name`, `gender`,`email`,`id_nr`,`phone`,`address`) VALUES ("210692704", "Gavin", "Rain", "M", "210692704@tut4life.ac.za", "9604065097083", "0744950524", "17 Morena Blvd,Camarillo,Ventura,CA,93012");
INSERT INTO student (`stud_number`,`first_name`,`last_name`, `gender`,`email`,`id_nr`,`phone`,`address`) VALUES ("210625147", "Leonardo", "Laureano", "M", "210625147@tut4life.ac.za", "9310185930084", "0763330451", "775 W 17th St,San Antonio,Bexar,TX,78204");
INSERT INTO student (`stud_number`,`first_name`,`last_name`, `gender`,`email`,`id_nr`,`phone`,`address`) VALUES ("210877537", "Teodoro", "Olvera", "M", "210877537@tut4life.ac.za", "9304035886083", "0623850051", "6980 Dorsett Rd,Abilene,Dickinson,KS,67410");
INSERT INTO student (`stud_number`,`first_name`,`last_name`, `gender`,`email`,`id_nr`,`phone`,`address`) VALUES ("210287598", "Brant", "Lockley", "M", "210287598@tut4life.ac.za", "8111235649084", "0758770602", "2881 Lewis Rd,Prineville,Crook,OR,97754");
INSERT INTO student (`stud_number`,`first_name`,`last_name`, `gender`,`email`,`id_nr`,`phone`,`address`) VALUES ("210320910", "Chris", "Perreault", "M", "210320910@tut4life.ac.za", "9110145750084", "0654450847", "7219 Woodfield Rd,Overland Park,Johnson,KS,66204");
INSERT INTO student (`stud_number`,`first_name`,`last_name`, `gender`,`email`,`id_nr`,`phone`,`address`) VALUES ("210388406", "Eloy", "Hoos", "M", "210388406@tut4life.ac.za", "9405275997084", "0752240319", "1048 Main St,Fairbanks,Fairbanks North Star,AK,99708");
INSERT INTO student (`stud_number`,`first_name`,`last_name`, `gender`,`email`,`id_nr`,`phone`,`address`) VALUES ("210704390", "Alva", "Rushing", "M", "210704390@tut4life.ac.za", "8005095692083", "07600910001", "678 3rd Ave,Miami,Miami-Dade,FL,33196");
INSERT INTO student (`stud_number`,`first_name`,`last_name`, `gender`,`email`,`id_nr`,`phone`,`address`) VALUES ("210171728", "Bo", "Louie", "M", "210171728@tut4life.ac.za", "9409065907083", "0677850325", "20 S Babcock St,Fairbanks,Fairbanks North Star,AK,99712");
INSERT INTO student (`stud_number`,`first_name`,`last_name`, `gender`,`email`,`id_nr`,`phone`,`address`) VALUES ("210823655", "Lenard", "Pitcher", "M", "210823655@tut4life.ac.za", "9306205407084", "0669810815", "2 Lighthouse Ave,Hopkins,Hennepin,MN,55343");
INSERT INTO student (`stud_number`,`first_name`,`last_name`, `gender`,`email`,`id_nr`,`phone`,`address`) VALUES ("210799354", "Pat", "Holiday", "M", "210799354@tut4life.ac.za", "8507265660082", "0725790816", "38938 Park Blvd,Boston,Suffolk,MA,2128");
INSERT INTO student (`stud_number`,`first_name`,`last_name`, `gender`,`email`,`id_nr`,`phone`,`address`) VALUES ("210880510", "Hollis", "Drayer", "M", "210880510@tut4life.ac.za", "8905215870083", "0612220086", "5 Tomahawk Dr,Los Angeles,Los Angeles,CA,90006");
INSERT INTO student (`stud_number`,`first_name`,`last_name`, `gender`,`email`,`id_nr`,`phone`,`address`) VALUES ("210928613", "Domenic", "Hile", "M", "210928613@tut4life.ac.za", "9410145817082", "0757140907", "762 S Main St,Madison,Dane,WI,53711");
INSERT INTO student (`stud_number`,`first_name`,`last_name`, `gender`,`email`,`id_nr`,`phone`,`address`) VALUES ("210631554", "Ashley", "Shack", "M", "210631554@tut4life.ac.za", "9404075785082", "0627970544", "209 Decker Dr,Philadelphia,Philadelphia,PA,19132");
INSERT INTO student (`stud_number`,`first_name`,`last_name`, `gender`,`email`,`id_nr`,`phone`,`address`) VALUES ("210999147", "Rayford", "Ebel", "M", "210999147@tut4life.ac.za", "8411135466084", "0637670858", "4486 W O St #1,New York,New York,NY,10003");
INSERT INTO student (`stud_number`,`first_name`,`last_name`, `gender`,`email`,`id_nr`,`phone`,`address`) VALUES ("210419262", "Delbert", "Whitten", "M", "210419262@tut4life.ac.za", "8810255733082", "07400450113", "39 S 7th St,Tullahoma,Coffee,TN,37388");
INSERT INTO student (`stud_number`,`first_name`,`last_name`, `gender`,`email`,`id_nr`,`phone`,`address`) VALUES ("210814527", "Rob", "Gebhart", "M", "210814527@tut4life.ac.za", "8708075638083", "0722210981", "98839 Hawthorne Blvd #6101,Columbia,Richland,SC,29201");
INSERT INTO student (`stud_number`,`first_name`,`last_name`, `gender`,`email`,`id_nr`,`phone`,`address`) VALUES ("210758869", "Jess", "Lok", "M", "210758869@tut4life.ac.za", "8408035977084", "0774400048", "71 San Mateo Ave,Wayne,Delaware,PA,19087");
INSERT INTO student (`stud_number`,`first_name`,`last_name`, `gender`,`email`,`id_nr`,`phone`,`address`) VALUES ("210503588", "Stanley", "Mettler", "M", "210503588@tut4life.ac.za", "9410155544083", "0773790489", "76 Brooks St #9,Flemington,Hunterdon,NJ,8822");
INSERT INTO student (`stud_number`,`first_name`,`last_name`, `gender`,`email`,`id_nr`,`phone`,`address`) VALUES ("210339609", "Garfield", "Hillard", "M", "210339609@tut4life.ac.za", "8208215599084", "0757410818", "4545 Courthouse Rd,Westbury,Nassau,NY,11590");
INSERT INTO student (`stud_number`,`first_name`,`last_name`, `gender`,`email`,`id_nr`,`phone`,`address`) VALUES ("210904260", "Cornelius", "Bagdon", "M", "210904260@tut4life.ac.za", "8009045490082", "0778090915", "14288 Foster Ave #4121,Jenkintown,Montgomery,PA,19046");
INSERT INTO student (`stud_number`,`first_name`,`last_name`, `gender`,`email`,`id_nr`,`phone`,`address`) VALUES ("210947413", "Ezequiel", "Burch", "M", "210947413@tut4life.ac.za", "9811185199084", "0751180680", "4 Otis St,Van Nuys,Los Angeles,CA,91405");
INSERT INTO student (`stud_number`,`first_name`,`last_name`, `gender`,`email`,`id_nr`,`phone`,`address`) VALUES ("210861479", "Dwight", "Burchette", "M", "210861479@tut4life.ac.za", "9509205003084", "0759240486", "65895 S 16th St,Providence,Providence,RI,2909");
INSERT INTO student (`stud_number`,`first_name`,`last_name`, `gender`,`email`,`id_nr`,`phone`,`address`) VALUES ("210512020", "Shane", "Remo", "M", "210512020@tut4life.ac.za", "8107055285082", "0787290064", "14302 Pennsylvania Ave,Huntingdon Valley,Montgomery,PA,19006");
INSERT INTO student (`stud_number`,`first_name`,`last_name`, `gender`,`email`,`id_nr`,`phone`,`address`) VALUES ("210783501", "Jerrold", "Habib", "M", "210783501@tut4life.ac.za", "8106155548082", "07200220551", "201 Hawk Ct,Providence,Providence,RI,2904");
INSERT INTO student (`stud_number`,`first_name`,`last_name`, `gender`,`email`,`id_nr`,`phone`,`address`) VALUES ("210949055", "Robin", "Fralick", "M", "210949055@tut4life.ac.za", "8801275186084", "06300710123", "53075 Sw 152nd Ter #615,Monroe Township,Middlesex,NJ,8831");
INSERT INTO student (`stud_number`,`first_name`,`last_name`, `gender`,`email`,`id_nr`,`phone`,`address`) VALUES ("210793519", "Jessie", "Leyden", "M", "210793519@tut4life.ac.za", "9504135726082", "0738420379", "59 N Groesbeck Hwy,Austin,Travis,TX,78731");
INSERT INTO student (`stud_number`,`first_name`,`last_name`, `gender`,`email`,`id_nr`,`phone`,`address`) VALUES ("210690971", "Jonathon", "Soliday", "M", "210690971@tut4life.ac.za", "9501255809084", "0731840167", "2664 Lewis Rd,Littleton,Douglas,CO,80126");
INSERT INTO student (`stud_number`,`first_name`,`last_name`, `gender`,`email`,`id_nr`,`phone`,`address`) VALUES ("210321272", "Pedro", "Paulsen", "M", "210321272@tut4life.ac.za", "9005155500083", "0716480966", "59 Shady Ln #53,Milwaukee,Milwaukee,WI,53214");
INSERT INTO student (`stud_number`,`first_name`,`last_name`, `gender`,`email`,`id_nr`,`phone`,`address`) VALUES ("210955246", "Landon", "Greeno", "M", "210955246@tut4life.ac.za", "9607085546082", "0660050819", "3305 Nabell Ave #679,New York,New York,NY,10009");
INSERT INTO student (`stud_number`,`first_name`,`last_name`, `gender`,`email`,`id_nr`,`phone`,`address`) VALUES ("210904229", "Eusebio", "Sommerville", "M", "210904229@tut4life.ac.za", "8508255241083", "0641390162", "18 Fountain St,Anchorage,Anchorage,AK,99515");
INSERT INTO student (`stud_number`,`first_name`,`last_name`, `gender`,`email`,`id_nr`,`phone`,`address`) VALUES ("210583901", "Adolph", "Redman", "M", "210583901@tut4life.ac.za", "8210245197084", "0747790956", "7 W 32nd St,Erie,Erie,PA,16502");
INSERT INTO student (`stud_number`,`first_name`,`last_name`, `gender`,`email`,`id_nr`,`phone`,`address`) VALUES ("210977208", "Judson", "Runge", "M", "210977208@tut4life.ac.za", "9310125433083", "0727600374", "2853 S Central Expy,Glen Burnie,Anne Arundel,MD,21061");
INSERT INTO student (`stud_number`,`first_name`,`last_name`, `gender`,`email`,`id_nr`,`phone`,`address`) VALUES ("210646675", "Isreal", "Yedinak", "M", "210646675@tut4life.ac.za", "8605085836084", "0684780301", "74 W College St,Boise,Ada,ID,83707");
INSERT INTO student (`stud_number`,`first_name`,`last_name`, `gender`,`email`,`id_nr`,`phone`,`address`) VALUES ("210442062", "Chung", "Gullatt", "M", "210442062@tut4life.ac.za", "9606125978083", "0687290096", "701 S Harrison Rd,San Francisco,San Francisco,CA,94104");
INSERT INTO student (`stud_number`,`first_name`,`last_name`, `gender`,`email`,`id_nr`,`phone`,`address`) VALUES ("210899226", "Trey", "Rishel", "M", "210899226@tut4life.ac.za", "9801235238084", "0742140461", "1088 Pinehurst St,Chapel Hill,Orange,NC,27514");
INSERT INTO student (`stud_number`,`first_name`,`last_name`, `gender`,`email`,`id_nr`,`phone`,`address`) VALUES ("210483257", "Vince", "Hackley", "M", "210483257@tut4life.ac.za", "9209155621084", "0776300041", "30 W 80th St #1995,San Carlos,San Mateo,CA,94070");
INSERT INTO student (`stud_number`,`first_name`,`last_name`, `gender`,`email`,`id_nr`,`phone`,`address`) VALUES ("210935710", "Jesse", "Broadhead", "M", "210935710@tut4life.ac.za", "9806165628084", "0724460448", "20932 Hedley St,Concord,Contra Costa,CA,94520");
INSERT INTO student (`stud_number`,`first_name`,`last_name`, `gender`,`email`,`id_nr`,`phone`,`address`) VALUES ("210412391", "Jarrett", "Pidgeon", "M", "210412391@tut4life.ac.za", "8908145862084", "0735180035", "2737 Pistorio Rd #9230,London,Madison,OH,43140");
INSERT INTO student (`stud_number`,`first_name`,`last_name`, `gender`,`email`,`id_nr`,`phone`,`address`) VALUES ("210215048", "Britt", "Capp", "M", "210215048@tut4life.ac.za", "9301245486084", "0719300806", "74989 Brandon St,Wellsville,Allegany,NY,14895");
INSERT INTO student (`stud_number`,`first_name`,`last_name`, `gender`,`email`,`id_nr`,`phone`,`address`) VALUES ("210433405", "Sammie", "Palomares", "M", "210433405@tut4life.ac.za", "8608055138082", "0744690217", "6 Kains Ave,Baltimore,Baltimore City,MD,21215");
INSERT INTO student (`stud_number`,`first_name`,`last_name`, `gender`,`email`,`id_nr`,`phone`,`address`) VALUES ("210499680", "Luciano", "Suter", "M", "210499680@tut4life.ac.za", "9809045590083", "0682780691", "47565 W Grand Ave,Newark,Essex,NJ,7105");
INSERT INTO student (`stud_number`,`first_name`,`last_name`, `gender`,`email`,`id_nr`,`phone`,`address`) VALUES ("211694230", "Evan", "Meyerhoff", "M", "211694230@tut4life.ac.za", "8407255087082", "0686030091", "4284 Dorigo Ln,Chicago,Cook,IL,60647");
INSERT INTO student (`stud_number`,`first_name`,`last_name`, `gender`,`email`,`id_nr`,`phone`,`address`) VALUES ("211935894", "Mohammad", "Dimick", "M", "211935894@tut4life.ac.za", "8508035032084", "0674990347", "6794 Lake Dr E,Newark,Essex,NJ,7104");
INSERT INTO student (`stud_number`,`first_name`,`last_name`, `gender`,`email`,`id_nr`,`phone`,`address`) VALUES ("211188430", "Sherwood", "Nocera", "M", "211188430@tut4life.ac.za", "9604165631083", "0789020285", "31 Douglas Blvd #950,Clovis,Curry,NM,88101");
INSERT INTO student (`stud_number`,`first_name`,`last_name`, `gender`,`email`,`id_nr`,`phone`,`address`) VALUES ("211182774", "Irwin", "Resendiz", "M", "211182774@tut4life.ac.za", "9503045074084", "0677760079", "44 W 4th St,Staten Island,Richmond,NY,10309");
INSERT INTO student (`stud_number`,`first_name`,`last_name`, `gender`,`email`,`id_nr`,`phone`,`address`) VALUES ("211178305", "Ramiro", "Witzke", "M", "211178305@tut4life.ac.za", "9605085745084", "0636860082", "11279 Loytan St,Jacksonville,Duval,FL,32254");
INSERT INTO student (`stud_number`,`first_name`,`last_name`, `gender`,`email`,`id_nr`,`phone`,`address`) VALUES ("211194964", "Patrick", "Kummer", "M", "211194964@tut4life.ac.za", "8911175173083", "0680060280", "69 Marquette Ave,Hayward,Alameda,CA,94545");
INSERT INTO student (`stud_number`,`first_name`,`last_name`, `gender`,`email`,`id_nr`,`phone`,`address`) VALUES ("211306398", "Vaughn", "Lesage", "M", "211306398@tut4life.ac.za", "8104275207082", "0714920004", "70 W Main St,Beachwood,Cuyahoga,OH,44122");
INSERT INTO student (`stud_number`,`first_name`,`last_name`, `gender`,`email`,`id_nr`,`phone`,`address`) VALUES ("211973485", "Nicolas", "Silverberg", "M", "211973485@tut4life.ac.za", "8005085295084", "07400150843", "461 Prospect Pl #316,Euless,Tarrant,TX,76040");
INSERT INTO student (`stud_number`,`first_name`,`last_name`, `gender`,`email`,`id_nr`,`phone`,`address`) VALUES ("211476324", "Norman", "Mccandless", "M", "211476324@tut4life.ac.za", "8410055505083", "0686450972", "47154 Whipple Ave Nw,Gardena,Los Angeles,CA,90247");
INSERT INTO student (`stud_number`,`first_name`,`last_name`, `gender`,`email`,`id_nr`,`phone`,`address`) VALUES ("211661999", "Neil", "Closson", "M", "211661999@tut4life.ac.za", "9406235965082", "0753800080", "37 Alabama Ave,Evanston,Cook,IL,60201");
INSERT INTO student (`stud_number`,`first_name`,`last_name`, `gender`,`email`,`id_nr`,`phone`,`address`) VALUES ("211879681", "Jewel", "Zalewski", "M", "211879681@tut4life.ac.za", "9608045373082", "0716700298", "3777 E Richmond St #900,Akron,Summit,OH,44302");
INSERT INTO student (`stud_number`,`first_name`,`last_name`, `gender`,`email`,`id_nr`,`phone`,`address`) VALUES ("211603372", "Brendon", "Slocum", "M", "211603372@tut4life.ac.za", "9702245712084", "0721400492", "3 Fort Worth Ave,Philadelphia,Philadelphia,PA,19106");
INSERT INTO student (`stud_number`,`first_name`,`last_name`, `gender`,`email`,`id_nr`,`phone`,`address`) VALUES ("211970079", "Cesar", "Burell", "M", "211970079@tut4life.ac.za", "8706115859084", "0755710294", "4800 Black Horse Pike,Burlingame,San Mateo,CA,94010");
INSERT INTO student (`stud_number`,`first_name`,`last_name`, `gender`,`email`,`id_nr`,`phone`,`address`) VALUES ("211596753", "Gayle", "Bottorff", "M", "211596753@tut4life.ac.za", "8111275245082", "0757100804", "83649 W Belmont Ave,San Gabriel,Los Angeles,CA,91776");
INSERT INTO student (`stud_number`,`first_name`,`last_name`, `gender`,`email`,`id_nr`,`phone`,`address`) VALUES ("211957346", "Guillermo", "Denham", "M", "211957346@tut4life.ac.za", "8404125639082", "0656340136", "840 15th Ave,Waco,McLennan,TX,76708");
INSERT INTO student (`stud_number`,`first_name`,`last_name`, `gender`,`email`,`id_nr`,`phone`,`address`) VALUES ("211181986", "Matthew", "Stebbins", "M", "211181986@tut4life.ac.za", "8710045872083", "0733050251", "1747 Calle Amanecer #2,Anchorage,Anchorage,AK,99501");
INSERT INTO student (`stud_number`,`first_name`,`last_name`, `gender`,`email`,`id_nr`,`phone`,`address`) VALUES ("211451025", "Carson", "Kyles", "M", "211451025@tut4life.ac.za", "8905215497082", "0711840616", "99385 Charity St #840,San Jose,Santa Clara,CA,95110");
INSERT INTO student (`stud_number`,`first_name`,`last_name`, `gender`,`email`,`id_nr`,`phone`,`address`) VALUES ("211143179", "Darrin", "Driskill", "M", "211143179@tut4life.ac.za", "8904155783082", "0711050738", "68556 Central Hwy,San Leandro,Alameda,CA,94577");
INSERT INTO student (`stud_number`,`first_name`,`last_name`, `gender`,`email`,`id_nr`,`phone`,`address`) VALUES ("211717863", "Gregory", "Mcardle", "M", "211717863@tut4life.ac.za", "9705065044083", "0728200105", "55 Riverside Ave,Indianapolis,Marion,IN,46202");
INSERT INTO student (`stud_number`,`first_name`,`last_name`, `gender`,`email`,`id_nr`,`phone`,`address`) VALUES ("211521757", "Lawrence", "Mckissack", "M", "211521757@tut4life.ac.za", "8406125933083", "0776020914", "7140 University Ave,Rock Springs,Sweetwater,WY,82901");
INSERT INTO student (`stud_number`,`first_name`,`last_name`, `gender`,`email`,`id_nr`,`phone`,`address`) VALUES ("211766581", "Lucius", "Cameron", "M", "211766581@tut4life.ac.za", "8701035775082", "0713480329", "64 5th Ave #1153,Mc Lean,Fairfax,VA,22102");
INSERT INTO student (`stud_number`,`first_name`,`last_name`, `gender`,`email`,`id_nr`,`phone`,`address`) VALUES ("211186155", "Tracy", "Sturtevant", "M", "211186155@tut4life.ac.za", "8407165991084", "0611750700", "3 Secor Rd,New Orleans,Orleans,LA,70112");
INSERT INTO student (`stud_number`,`first_name`,`last_name`, `gender`,`email`,`id_nr`,`phone`,`address`) VALUES ("211866036", "Jules", "Rizo", "M", "211866036@tut4life.ac.za", "8301045713084", "0619180605", "4 Webbs Chapel Rd,Boulder,Boulder,CO,80303");
INSERT INTO student (`stud_number`,`first_name`,`last_name`, `gender`,`email`,`id_nr`,`phone`,`address`) VALUES ("211179692", "Carrol", "Pfarr", "M", "211179692@tut4life.ac.za", "8803275514084", "0783480425", "524 Louisiana Ave Nw,San Leandro,Alameda,CA,94577");
INSERT INTO student (`stud_number`,`first_name`,`last_name`, `gender`,`email`,`id_nr`,`phone`,`address`) VALUES ("211157589", "Delmer", "Loredo", "M", "211157589@tut4life.ac.za", "9606015737083", "0668930423", "185 Blackstone Bldge,Honolulu,Honolulu,HI,96817");
INSERT INTO student (`stud_number`,`first_name`,`last_name`, `gender`,`email`,`id_nr`,`phone`,`address`) VALUES ("211835098", "Haywood", "Beverage", "M", "211835098@tut4life.ac.za", "9210025039083", "0738690373", "170 Wyoming Ave,Burnsville,Dakota,MN,55337");
INSERT INTO student (`stud_number`,`first_name`,`last_name`, `gender`,`email`,`id_nr`,`phone`,`address`) VALUES ("211746524", "Micheal", "Lombardi", "M", "211746524@tut4life.ac.za", "8309075156084", "0615670050", "4 10th St W,High Point,Guilford,NC,27263");
INSERT INTO student (`stud_number`,`first_name`,`last_name`, `gender`,`email`,`id_nr`,`phone`,`address`) VALUES ("211997413", "Danny", "Scholze", "M", "211997413@tut4life.ac.za", "9309185283082", "07600700409", "7 W Pinhook Rd,Lynbrook,Nassau,NY,11563");
INSERT INTO student (`stud_number`,`first_name`,`last_name`, `gender`,`email`,`id_nr`,`phone`,`address`) VALUES ("211647032", "Newton", "Manor", "M", "211647032@tut4life.ac.za", "8306225443083", "0651250958", "1 Commerce Way,Portland,Washington,OR,97224");
INSERT INTO student (`stud_number`,`first_name`,`last_name`, `gender`,`email`,`id_nr`,`phone`,`address`) VALUES ("211572153", "Carroll", "Buchman", "M", "211572153@tut4life.ac.za", "8011205149084", "0612520851", "64 Lakeview Ave,Beloit,Rock,WI,53511");
INSERT INTO student (`stud_number`,`first_name`,`last_name`, `gender`,`email`,`id_nr`,`phone`,`address`) VALUES ("211507251", "Noah", "Penland", "M", "211507251@tut4life.ac.za", "8210125581082", "0782640780", "3 Aspen St,Worcester,Worcester,MA,1602");
INSERT INTO student (`stud_number`,`first_name`,`last_name`, `gender`,`email`,`id_nr`,`phone`,`address`) VALUES ("211268463", "Edmund", "Mease", "M", "211268463@tut4life.ac.za", "8406215349082", "0769530795", "32860 Sierra Rd,Miami,Miami-Dade,FL,33133");
INSERT INTO student (`stud_number`,`first_name`,`last_name`, `gender`,`email`,`id_nr`,`phone`,`address`) VALUES ("211893456", "Marcellus", "Ellithorpe", "M", "211893456@tut4life.ac.za", "9707155325084", "06600420487", "555 Main St,Erie,Erie,PA,16502");
INSERT INTO student (`stud_number`,`first_name`,`last_name`, `gender`,`email`,`id_nr`,`phone`,`address`) VALUES ("211889915", "Abdul", "Schulte", "M", "211889915@tut4life.ac.za", "8803265538084", "06300700207", "2 Se 3rd Ave,Mesquite,Dallas,TX,75149");
INSERT INTO student (`stud_number`,`first_name`,`last_name`, `gender`,`email`,`id_nr`,`phone`,`address`) VALUES ("211552309", "Herbert", "Lehto", "M", "211552309@tut4life.ac.za", "8504215221083", "0652090357", "2239 Shawnee Mission Pky,Tullahoma,Coffee,TN,37388");
INSERT INTO student (`stud_number`,`first_name`,`last_name`, `gender`,`email`,`id_nr`,`phone`,`address`) VALUES ("211467529", "Moshe", "Tsosie", "M", "211467529@tut4life.ac.za", "8206275708084", "0653200100", "2726 Charcot Ave,Paterson,Passaic,NJ,7501");
INSERT INTO student (`stud_number`,`first_name`,`last_name`, `gender`,`email`,`id_nr`,`phone`,`address`) VALUES ("211422540", "Gary", "Hillyard", "M", "211422540@tut4life.ac.za", "9609255441082", "0715040227", "5161 Dorsett Rd,Homestead,Miami-Dade,FL,33030");
INSERT INTO student (`stud_number`,`first_name`,`last_name`, `gender`,`email`,`id_nr`,`phone`,`address`) VALUES ("211193194", "Wilber", "Overbey", "M", "211193194@tut4life.ac.za", "9109085520083", "0658360303", "55892 Jacksonville Rd,Owings Mills,Baltimore,MD,21117");
INSERT INTO student (`stud_number`,`first_name`,`last_name`, `gender`,`email`,`id_nr`,`phone`,`address`) VALUES ("211918146", "Darron", "Bloomfield", "M", "211918146@tut4life.ac.za", "8908035136084", "0782460248", "5 N Cleveland Massillon Rd,Thousand Oaks,Ventura,CA,91362");
INSERT INTO student (`stud_number`,`first_name`,`last_name`, `gender`,`email`,`id_nr`,`phone`,`address`) VALUES ("211445496", "Brice", "Murrow", "M", "211445496@tut4life.ac.za", "8011235289084", "0654400330", "7 Benton Dr,Honolulu,Honolulu,HI,96819");
INSERT INTO student (`stud_number`,`first_name`,`last_name`, `gender`,`email`,`id_nr`,`phone`,`address`) VALUES ("211419666", "Gino", "Trabert", "M", "211419666@tut4life.ac.za", "8011075992083", "0641620449", "9390 S Howell Ave,Albany,Dougherty,GA,31701");
INSERT INTO student (`stud_number`,`first_name`,`last_name`, `gender`,`email`,`id_nr`,`phone`,`address`) VALUES ("211319909", "Todd", "Mcfadin", "M", "211319909@tut4life.ac.za", "9201065685083", "0726980766", "8 County Center Dr #647,Boston,Suffolk,MA,2210");
INSERT INTO student (`stud_number`,`first_name`,`last_name`, `gender`,`email`,`id_nr`,`phone`,`address`) VALUES ("211863477", "Scottie", "Wester", "M", "211863477@tut4life.ac.za", "9503235370084", "0658970004", "4646 Kaahumanu St,Hackensack,Bergen,NJ,7601");
INSERT INTO student (`stud_number`,`first_name`,`last_name`, `gender`,`email`,`id_nr`,`phone`,`address`) VALUES ("211130533", "Billy", "Corlew", "M", "211130533@tut4life.ac.za", "8206265528084", "0754300085", "2 Monroe St,San Mateo,San Mateo,CA,94403");
INSERT INTO student (`stud_number`,`first_name`,`last_name`, `gender`,`email`,`id_nr`,`phone`,`address`) VALUES ("211991007", "Ahmed", "Schlager", "M", "211991007@tut4life.ac.za", "9509015797082", "0687780163", "52777 Leaders Heights Rd,Ontario,San Bernardino,CA,91761");
INSERT INTO student (`stud_number`,`first_name`,`last_name`, `gender`,`email`,`id_nr`,`phone`,`address`) VALUES ("211638150", "Brant", "Mclarty", "M", "211638150@tut4life.ac.za", "9508145467082", "0771390882", "72868 Blackington Ave,Oakland,Alameda,CA,94606");
INSERT INTO student (`stud_number`,`first_name`,`last_name`, `gender`,`email`,`id_nr`,`phone`,`address`) VALUES ("211627283", "Xavier", "Spagnoli", "M", "211627283@tut4life.ac.za", "8902125279083", "06200700661", "9 Norristown Rd,Troy,Rensselaer,NY,12180");
INSERT INTO student (`stud_number`,`first_name`,`last_name`, `gender`,`email`,`id_nr`,`phone`,`address`) VALUES ("211153711", "Teddy", "Ines", "M", "211153711@tut4life.ac.za", "9407215659082", "0682540045", "83 County Road 437 #8581,Clarks Summit,Lackawanna,PA,18411");
INSERT INTO student (`stud_number`,`first_name`,`last_name`, `gender`,`email`,`id_nr`,`phone`,`address`) VALUES ("211382354", "Raymundo", "Rappold", "M", "211382354@tut4life.ac.za", "9609115735083", "06400250479", "1 N Harlem Ave #9,Orange,Essex,NJ,7050");
INSERT INTO student (`stud_number`,`first_name`,`last_name`, `gender`,`email`,`id_nr`,`phone`,`address`) VALUES ("211946452", "Isiah", "Guidi", "M", "211946452@tut4life.ac.za", "8707145467084", "0763810722", "90131 J St,Pittstown,Hunterdon,NJ,8867");
INSERT INTO student (`stud_number`,`first_name`,`last_name`, `gender`,`email`,`id_nr`,`phone`,`address`) VALUES ("211407321", "Justin", "Schuller", "M", "211407321@tut4life.ac.za", "9702035443084", "0728960821", "8597 W National Ave,Cocoa,Brevard,FL,32922");
INSERT INTO student (`stud_number`,`first_name`,`last_name`, `gender`,`email`,`id_nr`,`phone`,`address`) VALUES ("211457946", "Victor", "Seamans", "M", "211457946@tut4life.ac.za", "9002165167083", "0777520679", "6 Gilson St,Bronx,Bronx,NY,10468");
INSERT INTO student (`stud_number`,`first_name`,`last_name`, `gender`,`email`,`id_nr`,`phone`,`address`) VALUES ("211205772", "Chung", "Sick", "M", "211205772@tut4life.ac.za", "8207205222082", "0721150308", "65 W Maple Ave,Pearl City,Honolulu,HI,96782");
INSERT INTO student (`stud_number`,`first_name`,`last_name`, `gender`,`email`,`id_nr`,`phone`,`address`) VALUES ("211979682", "Buddy", "Roselli", "M", "211979682@tut4life.ac.za", "9106195426083", "0666320960", "866 34th Ave,Denver,Denver,CO,80231");
INSERT INTO student (`stud_number`,`first_name`,`last_name`, `gender`,`email`,`id_nr`,`phone`,`address`) VALUES ("211277589", "Ricky", "Noonan", "M", "211277589@tut4life.ac.za", "9003035345084", "0639750332", "798 Lund Farm Way,Rockaway,Morris,NJ,7866");
INSERT INTO student (`stud_number`,`first_name`,`last_name`, `gender`,`email`,`id_nr`,`phone`,`address`) VALUES ("211812610", "Matthew", "Kalinowski", "M", "211812610@tut4life.ac.za", "9708175338084", "0733970879", "9387 Charcot Ave,Absecon,Atlantic,NJ,8201");
INSERT INTO student (`stud_number`,`first_name`,`last_name`, `gender`,`email`,`id_nr`,`phone`,`address`) VALUES ("211720581", "Ian", "Treadway", "M", "211720581@tut4life.ac.za", "8107235985082", "0713920143", "30553 Washington Rd,Plainfield,Union,NJ,7062");
INSERT INTO student (`stud_number`,`first_name`,`last_name`, `gender`,`email`,`id_nr`,`phone`,`address`) VALUES ("211700924", "Val", "Swope", "M", "211700924@tut4life.ac.za", "8209145142084", "0685080375", "481 W Lemon St,Middleboro,Plymouth,MA,2346");
INSERT INTO student (`stud_number`,`first_name`,`last_name`, `gender`,`email`,`id_nr`,`phone`,`address`) VALUES ("211930152", "Morris", "Carls", "M", "211930152@tut4life.ac.za", "8409145065083", "0789240364", "4 Warehouse Point Rd #7,Chicago,Cook,IL,60638");
INSERT INTO student (`stud_number`,`first_name`,`last_name`, `gender`,`email`,`id_nr`,`phone`,`address`) VALUES ("211716308", "Jacob", "Ballweg", "M", "211716308@tut4life.ac.za", "8609085870082", "0783580096", "4940 Pulaski Park Dr,Portland,Multnomah,OR,97202");
INSERT INTO student (`stud_number`,`first_name`,`last_name`, `gender`,`email`,`id_nr`,`phone`,`address`) VALUES ("211426479", "Lincoln", "Alcantara", "M", "211426479@tut4life.ac.za", "9710185841082", "0712190462", "627 Walford Ave,Dallas,Dallas,TX,75227");
INSERT INTO student (`stud_number`,`first_name`,`last_name`, `gender`,`email`,`id_nr`,`phone`,`address`) VALUES ("211904337", "Chas", "Reiff", "M", "211904337@tut4life.ac.za", "9501265238084", "06300730779", "137 Pioneer Way,Chicago,Cook,IL,60604");
INSERT INTO student (`stud_number`,`first_name`,`last_name`, `gender`,`email`,`id_nr`,`phone`,`address`) VALUES ("211532313", "Zachariah", "Bryer", "M", "211532313@tut4life.ac.za", "8101135496082", "0745190610", "61 13 Stoneridge #835,Findlay,Hancock,OH,45840");
INSERT INTO student (`stud_number`,`first_name`,`last_name`, `gender`,`email`,`id_nr`,`phone`,`address`) VALUES ("211316601", "Brock", "Mahler", "M", "211316601@tut4life.ac.za", "9105015626083", "0741190673", "2409 Alabama Rd,Riverside,Riverside,CA,92501");
INSERT INTO student (`stud_number`,`first_name`,`last_name`, `gender`,`email`,`id_nr`,`phone`,`address`) VALUES ("211360856", "Jasper", "Cardinale", "M", "211360856@tut4life.ac.za", "9306135884083", "0637940033", "8927 Vandever Ave,Waco,McLennan,TX,76707");
INSERT INTO student (`stud_number`,`first_name`,`last_name`, `gender`,`email`,`id_nr`,`phone`,`address`) VALUES ("211803773", "Jon", "Flinchum", "M", "211803773@tut4life.ac.za", "9607175290083", "0683750167", "134 Lewis Rd,Nashville,Davidson,TN,37211");
INSERT INTO student (`stud_number`,`first_name`,`last_name`, `gender`,`email`,`id_nr`,`phone`,`address`) VALUES ("211301876", "Lyndon", "Forbus", "M", "211301876@tut4life.ac.za", "9107065415083", "0640090330", "9 N College Ave #3,Milwaukee,Milwaukee,WI,53216");
INSERT INTO student (`stud_number`,`first_name`,`last_name`, `gender`,`email`,`id_nr`,`phone`,`address`) VALUES ("211731272", "Mac", "Manrique", "M", "211731272@tut4life.ac.za", "8305145088084", "0655570572", "60480 Old Us Highway 51,Preston,Caroline,MD,21655");
INSERT INTO student (`stud_number`,`first_name`,`last_name`, `gender`,`email`,`id_nr`,`phone`,`address`) VALUES ("211232806", "Mathew", "Nish", "M", "211232806@tut4life.ac.za", "9106235627082", "0717960721", "4 Bloomfield Ave,Irving,Dallas,TX,75061");
INSERT INTO student (`stud_number`,`first_name`,`last_name`, `gender`,`email`,`id_nr`,`phone`,`address`) VALUES ("211471120", "Earnest", "Marse", "M", "211471120@tut4life.ac.za", "8011135897083", "0712400055", "429 Tiger Ln,Beverly Hills,Los Angeles,CA,90212");
INSERT INTO student (`stud_number`,`first_name`,`last_name`, `gender`,`email`,`id_nr`,`phone`,`address`) VALUES ("211703199", "Lenard", "Mcglamery", "M", "211703199@tut4life.ac.za", "8506095094084", "06400890526", "54169 N Main St,Massapequa,Nassau,NY,11758");
INSERT INTO student (`stud_number`,`first_name`,`last_name`, `gender`,`email`,`id_nr`,`phone`,`address`) VALUES ("211919681", "Les", "Evans", "M", "211919681@tut4life.ac.za", "8609015914083", "0717790593", "92 Main St,Atlantic City,Atlantic,NJ,8401");
INSERT INTO student (`stud_number`,`first_name`,`last_name`, `gender`,`email`,`id_nr`,`phone`,`address`) VALUES ("211848765", "Von", "Helton", "M", "211848765@tut4life.ac.za", "9104255048082", "0729480590", "72 Mannix Dr,Cincinnati,Hamilton,OH,45203");
INSERT INTO student (`stud_number`,`first_name`,`last_name`, `gender`,`email`,`id_nr`,`phone`,`address`) VALUES ("211363076", "Chuck", "Bearse", "M", "211363076@tut4life.ac.za", "8706255206082", "0611550733", "12270 Caton Center Dr,Eugene,Lane,OR,97401");
INSERT INTO student (`stud_number`,`first_name`,`last_name`, `gender`,`email`,`id_nr`,`phone`,`address`) VALUES ("211267377", "Shayne", "Zamarripa", "M", "211267377@tut4life.ac.za", "9703225815082", "0629310534", "749 W 18th St #45,Smithfield,Johnston,NC,27577");
INSERT INTO student (`stud_number`,`first_name`,`last_name`, `gender`,`email`,`id_nr`,`phone`,`address`) VALUES ("211186638", "Cortez", "Rowser", "M", "211186638@tut4life.ac.za", "8508075460084", "0615460283", "8 Industry Ln,New York,New York,NY,10002");
INSERT INTO student (`stud_number`,`first_name`,`last_name`, `gender`,`email`,`id_nr`,`phone`,`address`) VALUES ("211492038", "Keneth", "Nutter", "M", "211492038@tut4life.ac.za", "9006075612082", "0678980812", "1 Huntwood Ave,Phoenix,Maricopa,AZ,85017");
INSERT INTO student (`stud_number`,`first_name`,`last_name`, `gender`,`email`,`id_nr`,`phone`,`address`) VALUES ("211915779", "Nick", "Mackin", "M", "211915779@tut4life.ac.za", "9801125742084", "0634750102", "55262 N French Rd,Indianapolis,Marion,IN,46240");
INSERT INTO student (`stud_number`,`first_name`,`last_name`, `gender`,`email`,`id_nr`,`phone`,`address`) VALUES ("212749122", "Gary", "Lightsey", "M", "212749122@tut4life.ac.za", "8505145603083", "0762810441", "422 E 21st St,Syracuse,Onondaga,NY,13214");
INSERT INTO student (`stud_number`,`first_name`,`last_name`, `gender`,`email`,`id_nr`,`phone`,`address`) VALUES ("212889174", "Thurman", "Olander", "M", "212889174@tut4life.ac.za", "9010095961084", "07400360198", "501 N 19th Ave,Cherry Hill,Camden,NJ,8002");
INSERT INTO student (`stud_number`,`first_name`,`last_name`, `gender`,`email`,`id_nr`,`phone`,`address`) VALUES ("212638536", "Mitchel", "Isaacson", "M", "212638536@tut4life.ac.za", "8602175417083", "0732380478", "455 N Main Ave,Garden City,Nassau,NY,11530");
INSERT INTO student (`stud_number`,`first_name`,`last_name`, `gender`,`email`,`id_nr`,`phone`,`address`) VALUES ("212253135", "Jospeh", "Franchi", "M", "212253135@tut4life.ac.za", "9005165001084", "0720030629", "1844 Southern Blvd,Little Rock,Pulaski,AR,72202");
INSERT INTO student (`stud_number`,`first_name`,`last_name`, `gender`,`email`,`id_nr`,`phone`,`address`) VALUES ("212657802", "Reynaldo", "Stillwagon", "M", "212657802@tut4life.ac.za", "9006265910083", "0617470446", "2023 Greg St,Saint Paul,Ramsey,MN,55101");
INSERT INTO student (`stud_number`,`first_name`,`last_name`, `gender`,`email`,`id_nr`,`phone`,`address`) VALUES ("212280693", "Lon", "Surber", "M", "212280693@tut4life.ac.za", "8504145217084", "0627860078", "63381 Jenks Ave,Philadelphia,Philadelphia,PA,19134");
INSERT INTO student (`stud_number`,`first_name`,`last_name`, `gender`,`email`,`id_nr`,`phone`,`address`) VALUES ("212882511", "Elmo", "Diniz", "M", "212882511@tut4life.ac.za", "8909085887084", "0623100297", "6651 Municipal Rd,Houma,Terrebonne,LA,70360");
INSERT INTO student (`stud_number`,`first_name`,`last_name`, `gender`,`email`,`id_nr`,`phone`,`address`) VALUES ("212121407", "Kieth", "Mathew", "M", "212121407@tut4life.ac.za", "8705165113083", "0771840715", "81 Norris Ave #525,Ronkonkoma,Suffolk,NY,11779");
INSERT INTO student (`stud_number`,`first_name`,`last_name`, `gender`,`email`,`id_nr`,`phone`,`address`) VALUES ("212384333", "Kenneth", "Dickerson", "M", "212384333@tut4life.ac.za", "8909085298083", "0739400344", "6916 W Main St,Sacramento,Sacramento,CA,95827");
INSERT INTO student (`stud_number`,`first_name`,`last_name`, `gender`,`email`,`id_nr`,`phone`,`address`) VALUES ("212903313", "Rayford", "Laing", "M", "212903313@tut4life.ac.za", "8611215882084", "0761870048", "9635 S Main St,Boise,Ada,ID,83704");
INSERT INTO student (`stud_number`,`first_name`,`last_name`, `gender`,`email`,`id_nr`,`phone`,`address`) VALUES ("212510050", "Ian", "Mcnear", "M", "212510050@tut4life.ac.za", "9405125787084", "0686990390", "17 Us Highway 111,Round Rock,Williamson,TX,78664");
INSERT INTO student (`stud_number`,`first_name`,`last_name`, `gender`,`email`,`id_nr`,`phone`,`address`) VALUES ("212330127", "Johnson", "Klemm", "M", "212330127@tut4life.ac.za", "9801215215082", "0665230971", "992 Civic Center Dr,Philadelphia,Philadelphia,PA,19123");
INSERT INTO student (`stud_number`,`first_name`,`last_name`, `gender`,`email`,`id_nr`,`phone`,`address`) VALUES ("212285694", "Jude", "Paton", "M", "212285694@tut4life.ac.za", "8311115250082", "0646440693", "303 N Radcliffe St,Hilo,Hawaii,HI,96720");
INSERT INTO student (`stud_number`,`first_name`,`last_name`, `gender`,`email`,`id_nr`,`phone`,`address`) VALUES ("212211565", "Norris", "Towell", "M", "212211565@tut4life.ac.za", "9202085346082", "0713690490", "73 Saint Ann St #86,Reno,Washoe,NV,89502");
INSERT INTO student (`stud_number`,`first_name`,`last_name`, `gender`,`email`,`id_nr`,`phone`,`address`) VALUES ("212860790", "Cyrus", "Byler", "M", "212860790@tut4life.ac.za", "9007035650084", "0731640544", "44 58th St,Wheeling,Cook,IL,60090");
INSERT INTO student (`stud_number`,`first_name`,`last_name`, `gender`,`email`,`id_nr`,`phone`,`address`) VALUES ("212691112", "Adam", "Leeder", "M", "212691112@tut4life.ac.za", "8403235259082", "07700470171", "9745 W Main St,Randolph,Morris,NJ,7869");
INSERT INTO student (`stud_number`,`first_name`,`last_name`, `gender`,`email`,`id_nr`,`phone`,`address`) VALUES ("212746383", "Darrell", "Sachs", "M", "212746383@tut4life.ac.za", "8401085033084", "0778100414", "84 Bloomfield Ave,Spartanburg,Spartanburg,SC,29301");
INSERT INTO student (`stud_number`,`first_name`,`last_name`, `gender`,`email`,`id_nr`,`phone`,`address`) VALUES ("212400997", "Kareem", "Longshore", "M", "212400997@tut4life.ac.za", "8601045423082", "0768750752", "287 Youngstown Warren Rd,Hampstead,Carroll,MD,21074");
INSERT INTO student (`stud_number`,`first_name`,`last_name`, `gender`,`email`,`id_nr`,`phone`,`address`) VALUES ("212514279", "Rudolf", "Osornio", "M", "212514279@tut4life.ac.za", "8602025837084", "0642950001", "6 Van Buren St,Mount Vernon,Westchester,NY,10553");
INSERT INTO student (`stud_number`,`first_name`,`last_name`, `gender`,`email`,`id_nr`,`phone`,`address`) VALUES ("212611289", "Davis", "Ketterman", "M", "212611289@tut4life.ac.za", "8003215882082", "0752850055", "229 N Forty Driv,New York,New York,NY,10011");
INSERT INTO student (`stud_number`,`first_name`,`last_name`, `gender`,`email`,`id_nr`,`phone`,`address`) VALUES ("212182285", "Courtney", "Pantaleo", "M", "212182285@tut4life.ac.za", "8809065488084", "07200880417", "2887 Knowlton St #5435,Berkeley,Alameda,CA,94710");
INSERT INTO student (`stud_number`,`first_name`,`last_name`, `gender`,`email`,`id_nr`,`phone`,`address`) VALUES ("212661355", "Wilbur", "Wever", "M", "212661355@tut4life.ac.za", "9704205918082", "0729670428", "523 Marquette Ave,Concord,Middlesex,MA,1742");










 INSERT INTO `student_course_registation` ( `stud_number`, `course_id` ) VALUES (210123745, 1);
 INSERT INTO `lecture_student` (`stud_number`,`reg_date`,  `lecture_id` ) VALUES (210123745, '2020-01-14', 81);
 INSERT INTO `lecture_student` (`stud_number`,`reg_date`,  `lecture_id` ) VALUES (210123745, '2020-01-14' ,79);
 INSERT INTO `lecture_student` (`stud_number`,`reg_date`,  `lecture_id` ) VALUES (210123745, '2020-01-14' ,78);
 INSERT INTO `lecture_student` (`stud_number`,`reg_date`,  `lecture_id` ) VALUES (210123745, '2020-01-14' ,77);
 INSERT INTO `lecture_student` (`stud_number`,`reg_date`,  `lecture_id` ) VALUES (210123745, '2020-01-14' ,80);
 INSERT INTO `lecture_student` (`stud_number`,`reg_date`,  `lecture_id` ) VALUES (210123745, '2020-01-14' ,64);
 INSERT INTO `lecture_student` (`stud_number`,`reg_date`,  `lecture_id` ) VALUES (210123745, '2020-01-14' ,11);
 INSERT INTO `student_course_registation` ( `stud_number`, `course_id` ) VALUES (210866356, 1);
 INSERT INTO `lecture_student` (`stud_number`,`reg_date`,  `lecture_id` ) VALUES (210866356, '2020-01-14', 81);
 INSERT INTO `lecture_student` (`stud_number`,`reg_date`,  `lecture_id` ) VALUES (210866356, '2020-01-14' ,79);
 INSERT INTO `lecture_student` (`stud_number`,`reg_date`,  `lecture_id` ) VALUES (210866356, '2020-01-14' ,78);
 INSERT INTO `lecture_student` (`stud_number`,`reg_date`,  `lecture_id` ) VALUES (210866356, '2020-01-14' ,77);
 INSERT INTO `lecture_student` (`stud_number`,`reg_date`,  `lecture_id` ) VALUES (210866356, '2020-01-14' ,80);
 INSERT INTO `lecture_student` (`stud_number`,`reg_date`,  `lecture_id` ) VALUES (210866356, '2020-01-14', 65);
 INSERT INTO `lecture_student` (`stud_number`,`reg_date`,  `lecture_id` ) VALUES (210866356, '2020-01-14' ,64);
 INSERT INTO `lecture_student` (`stud_number`,`reg_date`,  `lecture_id` ) VALUES (210866356, '2020-01-14' ,11);
 INSERT INTO `student_course_registation` ( `stud_number`, `course_id` ) VALUES (210752252, 1);
 INSERT INTO `lecture_student` (`stud_number`,`reg_date`,  `lecture_id` ) VALUES (210752252, '2020-01-14', 81);
 INSERT INTO `lecture_student` (`stud_number`,`reg_date`,  `lecture_id` ) VALUES (210752252, '2020-01-14' ,79);
 INSERT INTO `lecture_student` (`stud_number`,`reg_date`,  `lecture_id` ) VALUES (210752252, '2020-01-14' ,77);
 INSERT INTO `lecture_student` (`stud_number`,`reg_date`,  `lecture_id` ) VALUES (210752252, '2020-01-14' ,80);
 INSERT INTO `lecture_student` (`stud_number`,`reg_date`,  `lecture_id` ) VALUES (210752252, '2020-01-14', 65);
 INSERT INTO `lecture_student` (`stud_number`,`reg_date`,  `lecture_id` ) VALUES (210752252, '2020-01-14' ,64);
 INSERT INTO `lecture_student` (`stud_number`,`reg_date`,  `lecture_id` ) VALUES (210752252, '2020-01-14' ,11);
 INSERT INTO `student_course_registation` ( `stud_number`, `course_id` ) VALUES (210863199, 1);
 INSERT INTO `lecture_student` (`stud_number`,`reg_date`,  `lecture_id` ) VALUES (210863199, '2020-01-14', 81);
 INSERT INTO `lecture_student` (`stud_number`,`reg_date`,  `lecture_id` ) VALUES (210863199, '2020-01-14' ,79);
 INSERT INTO `lecture_student` (`stud_number`,`reg_date`,  `lecture_id` ) VALUES (210863199, '2020-01-14' ,80);
 INSERT INTO `lecture_student` (`stud_number`,`reg_date`,  `lecture_id` ) VALUES (210863199, '2020-01-14', 65);
 INSERT INTO `lecture_student` (`stud_number`,`reg_date`,  `lecture_id` ) VALUES (210863199, '2020-01-14' ,64);
 INSERT INTO `lecture_student` (`stud_number`,`reg_date`,  `lecture_id` ) VALUES (210863199, '2020-01-14' ,11);
 INSERT INTO `student_course_registation` ( `stud_number`, `course_id` ) VALUES (210780143, 1);
 INSERT INTO `lecture_student` (`stud_number`,`reg_date`,  `lecture_id` ) VALUES (210780143, '2020-01-14', 81);
 INSERT INTO `lecture_student` (`stud_number`,`reg_date`,  `lecture_id` ) VALUES (210780143, '2020-01-14' ,78);
 INSERT INTO `lecture_student` (`stud_number`,`reg_date`,  `lecture_id` ) VALUES (210780143, '2020-01-14' ,77);
 INSERT INTO `lecture_student` (`stud_number`,`reg_date`,  `lecture_id` ) VALUES (210780143, '2020-01-14' ,80);
 INSERT INTO `lecture_student` (`stud_number`,`reg_date`,  `lecture_id` ) VALUES (210780143, '2020-01-14', 65);
 INSERT INTO `lecture_student` (`stud_number`,`reg_date`,  `lecture_id` ) VALUES (210780143, '2020-01-14' ,64);
 INSERT INTO `lecture_student` (`stud_number`,`reg_date`,  `lecture_id` ) VALUES (210780143, '2020-01-14' ,11);
 INSERT INTO `student_course_registation` ( `stud_number`, `course_id` ) VALUES (210816728, 1);
 INSERT INTO `lecture_student` (`stud_number`,`reg_date`,  `lecture_id` ) VALUES (210816728, '2020-01-14', 81);
 INSERT INTO `lecture_student` (`stud_number`,`reg_date`,  `lecture_id` ) VALUES (210816728, '2020-01-14' ,79);
 INSERT INTO `lecture_student` (`stud_number`,`reg_date`,  `lecture_id` ) VALUES (210816728, '2020-01-14' ,78);
 INSERT INTO `lecture_student` (`stud_number`,`reg_date`,  `lecture_id` ) VALUES (210816728, '2020-01-14', 65);
 INSERT INTO `lecture_student` (`stud_number`,`reg_date`,  `lecture_id` ) VALUES (210816728, '2020-01-14' ,64);
 INSERT INTO `lecture_student` (`stud_number`,`reg_date`,  `lecture_id` ) VALUES (210816728, '2020-01-14' ,11);
 INSERT INTO `student_course_registation` ( `stud_number`, `course_id` ) VALUES (210310923, 1);
 INSERT INTO `lecture_student` (`stud_number`,`reg_date`,  `lecture_id` ) VALUES (210310923, '2020-01-14' ,79);
 INSERT INTO `lecture_student` (`stud_number`,`reg_date`,  `lecture_id` ) VALUES (210310923, '2020-01-14' ,77);
 INSERT INTO `lecture_student` (`stud_number`,`reg_date`,  `lecture_id` ) VALUES (210310923, '2020-01-14', 65);
 INSERT INTO `lecture_student` (`stud_number`,`reg_date`,  `lecture_id` ) VALUES (210310923, '2020-01-14' ,64);
 INSERT INTO `lecture_student` (`stud_number`,`reg_date`,  `lecture_id` ) VALUES (210310923, '2020-01-14' ,11);
 INSERT INTO `student_course_registation` ( `stud_number`, `course_id` ) VALUES (210880942, 1);
 INSERT INTO `lecture_student` (`stud_number`,`reg_date`,  `lecture_id` ) VALUES (210880942, '2020-01-14', 81);
 INSERT INTO `lecture_student` (`stud_number`,`reg_date`,  `lecture_id` ) VALUES (210880942, '2020-01-14' ,79);
 INSERT INTO `lecture_student` (`stud_number`,`reg_date`,  `lecture_id` ) VALUES (210880942, '2020-01-14' ,78);
 INSERT INTO `lecture_student` (`stud_number`,`reg_date`,  `lecture_id` ) VALUES (210880942, '2020-01-14' ,77);
 INSERT INTO `lecture_student` (`stud_number`,`reg_date`,  `lecture_id` ) VALUES (210880942, '2020-01-14' ,80);
 INSERT INTO `lecture_student` (`stud_number`,`reg_date`,  `lecture_id` ) VALUES (210880942, '2020-01-14', 65);
 INSERT INTO `lecture_student` (`stud_number`,`reg_date`,  `lecture_id` ) VALUES (210880942, '2020-01-14' ,64);
 INSERT INTO `lecture_student` (`stud_number`,`reg_date`,  `lecture_id` ) VALUES (210880942, '2020-01-14' ,11);
 INSERT INTO `student_course_registation` ( `stud_number`, `course_id` ) VALUES (210489951, 1);
 INSERT INTO `lecture_student` (`stud_number`,`reg_date`,  `lecture_id` ) VALUES (210489951, '2020-01-14', 81);
 INSERT INTO `lecture_student` (`stud_number`,`reg_date`,  `lecture_id` ) VALUES (210489951, '2020-01-14' ,79);
 INSERT INTO `lecture_student` (`stud_number`,`reg_date`,  `lecture_id` ) VALUES (210489951, '2020-01-14' ,78);
 INSERT INTO `lecture_student` (`stud_number`,`reg_date`,  `lecture_id` ) VALUES (210489951, '2020-01-14' ,77);
 INSERT INTO `lecture_student` (`stud_number`,`reg_date`,  `lecture_id` ) VALUES (210489951, '2020-01-14' ,80);
 INSERT INTO `lecture_student` (`stud_number`,`reg_date`,  `lecture_id` ) VALUES (210489951, '2020-01-14', 65);
 INSERT INTO `lecture_student` (`stud_number`,`reg_date`,  `lecture_id` ) VALUES (210489951, '2020-01-14' ,64);
 INSERT INTO `lecture_student` (`stud_number`,`reg_date`,  `lecture_id` ) VALUES (210489951, '2020-01-14' ,11);
 INSERT INTO `student_course_registation` ( `stud_number`, `course_id` ) VALUES (210734813, 1);
 INSERT INTO `lecture_student` (`stud_number`,`reg_date`,  `lecture_id` ) VALUES (210734813, '2020-01-14' ,79);
 INSERT INTO `lecture_student` (`stud_number`,`reg_date`,  `lecture_id` ) VALUES (210734813, '2020-01-14' ,77);
 INSERT INTO `lecture_student` (`stud_number`,`reg_date`,  `lecture_id` ) VALUES (210734813, '2020-01-14' ,80);
 INSERT INTO `lecture_student` (`stud_number`,`reg_date`,  `lecture_id` ) VALUES (210734813, '2020-01-14', 65);
 INSERT INTO `lecture_student` (`stud_number`,`reg_date`,  `lecture_id` ) VALUES (210734813, '2020-01-14' ,64);
 INSERT INTO `student_course_registation` ( `stud_number`, `course_id` ) VALUES (210398631, 1);
 INSERT INTO `lecture_student` (`stud_number`,`reg_date`,  `lecture_id` ) VALUES (210398631, '2020-01-14', 81);
 INSERT INTO `lecture_student` (`stud_number`,`reg_date`,  `lecture_id` ) VALUES (210398631, '2020-01-14' ,79);
 INSERT INTO `lecture_student` (`stud_number`,`reg_date`,  `lecture_id` ) VALUES (210398631, '2020-01-14' ,80);
 INSERT INTO `lecture_student` (`stud_number`,`reg_date`,  `lecture_id` ) VALUES (210398631, '2020-01-14', 65);
 INSERT INTO `lecture_student` (`stud_number`,`reg_date`,  `lecture_id` ) VALUES (210398631, '2020-01-14' ,64);
 INSERT INTO `lecture_student` (`stud_number`,`reg_date`,  `lecture_id` ) VALUES (210398631, '2020-01-14' ,11);
 INSERT INTO `student_course_registation` ( `stud_number`, `course_id` ) VALUES (210777642, 1);
 INSERT INTO `lecture_student` (`stud_number`,`reg_date`,  `lecture_id` ) VALUES (210777642, '2020-01-14', 81);
 INSERT INTO `lecture_student` (`stud_number`,`reg_date`,  `lecture_id` ) VALUES (210777642, '2020-01-14' ,78);
 INSERT INTO `lecture_student` (`stud_number`,`reg_date`,  `lecture_id` ) VALUES (210777642, '2020-01-14' ,77);
 INSERT INTO `lecture_student` (`stud_number`,`reg_date`,  `lecture_id` ) VALUES (210777642, '2020-01-14' ,80);
 INSERT INTO `lecture_student` (`stud_number`,`reg_date`,  `lecture_id` ) VALUES (210777642, '2020-01-14', 65);
 INSERT INTO `lecture_student` (`stud_number`,`reg_date`,  `lecture_id` ) VALUES (210777642, '2020-01-14' ,64);
 INSERT INTO `lecture_student` (`stud_number`,`reg_date`,  `lecture_id` ) VALUES (210777642, '2020-01-14' ,11);
 INSERT INTO `student_course_registation` ( `stud_number`, `course_id` ) VALUES (210201198, 1);
 INSERT INTO `lecture_student` (`stud_number`,`reg_date`,  `lecture_id` ) VALUES (210201198, '2020-01-14', 81);
 INSERT INTO `lecture_student` (`stud_number`,`reg_date`,  `lecture_id` ) VALUES (210201198, '2020-01-14' ,79);
 INSERT INTO `lecture_student` (`stud_number`,`reg_date`,  `lecture_id` ) VALUES (210201198, '2020-01-14' ,78);
 INSERT INTO `lecture_student` (`stud_number`,`reg_date`,  `lecture_id` ) VALUES (210201198, '2020-01-14' ,77);
 INSERT INTO `lecture_student` (`stud_number`,`reg_date`,  `lecture_id` ) VALUES (210201198, '2020-01-14' ,80);
 INSERT INTO `lecture_student` (`stud_number`,`reg_date`,  `lecture_id` ) VALUES (210201198, '2020-01-14', 65);
 INSERT INTO `lecture_student` (`stud_number`,`reg_date`,  `lecture_id` ) VALUES (210201198, '2020-01-14' ,64);
 INSERT INTO `student_course_registation` ( `stud_number`, `course_id` ) VALUES (210293917, 1);
 INSERT INTO `lecture_student` (`stud_number`,`reg_date`,  `lecture_id` ) VALUES (210293917, '2020-01-14', 81);
 INSERT INTO `lecture_student` (`stud_number`,`reg_date`,  `lecture_id` ) VALUES (210293917, '2020-01-14' ,79);
 INSERT INTO `lecture_student` (`stud_number`,`reg_date`,  `lecture_id` ) VALUES (210293917, '2020-01-14' ,78);
 INSERT INTO `lecture_student` (`stud_number`,`reg_date`,  `lecture_id` ) VALUES (210293917, '2020-01-14' ,77);
 INSERT INTO `lecture_student` (`stud_number`,`reg_date`,  `lecture_id` ) VALUES (210293917, '2020-01-14' ,80);
 INSERT INTO `lecture_student` (`stud_number`,`reg_date`,  `lecture_id` ) VALUES (210293917, '2020-01-14' ,64);
 INSERT INTO `lecture_student` (`stud_number`,`reg_date`,  `lecture_id` ) VALUES (210293917, '2020-01-14' ,11);
 INSERT INTO `student_course_registation` ( `stud_number`, `course_id` ) VALUES (210895643, 1);
 INSERT INTO `lecture_student` (`stud_number`,`reg_date`,  `lecture_id` ) VALUES (210895643, '2020-01-14', 81);
 INSERT INTO `lecture_student` (`stud_number`,`reg_date`,  `lecture_id` ) VALUES (210895643, '2020-01-14' ,79);
 INSERT INTO `lecture_student` (`stud_number`,`reg_date`,  `lecture_id` ) VALUES (210895643, '2020-01-14' ,77);
 INSERT INTO `lecture_student` (`stud_number`,`reg_date`,  `lecture_id` ) VALUES (210895643, '2020-01-14' ,80);
 INSERT INTO `lecture_student` (`stud_number`,`reg_date`,  `lecture_id` ) VALUES (210895643, '2020-01-14', 65);
 INSERT INTO `lecture_student` (`stud_number`,`reg_date`,  `lecture_id` ) VALUES (210895643, '2020-01-14' ,64);
 INSERT INTO `lecture_student` (`stud_number`,`reg_date`,  `lecture_id` ) VALUES (210895643, '2020-01-14' ,11);
 INSERT INTO `student_course_registation` ( `stud_number`, `course_id` ) VALUES (210843261, 1);
 INSERT INTO `lecture_student` (`stud_number`,`reg_date`,  `lecture_id` ) VALUES (210843261, '2020-01-14' ,79);
 INSERT INTO `lecture_student` (`stud_number`,`reg_date`,  `lecture_id` ) VALUES (210843261, '2020-01-14' ,78);
 INSERT INTO `lecture_student` (`stud_number`,`reg_date`,  `lecture_id` ) VALUES (210843261, '2020-01-14' ,77);
 INSERT INTO `lecture_student` (`stud_number`,`reg_date`,  `lecture_id` ) VALUES (210843261, '2020-01-14', 65);
 INSERT INTO `lecture_student` (`stud_number`,`reg_date`,  `lecture_id` ) VALUES (210843261, '2020-01-14' ,64);
 INSERT INTO `lecture_student` (`stud_number`,`reg_date`,  `lecture_id` ) VALUES (210843261, '2020-01-14' ,11);
 INSERT INTO `student_course_registation` ( `stud_number`, `course_id` ) VALUES (210974916, 1);
 INSERT INTO `lecture_student` (`stud_number`,`reg_date`,  `lecture_id` ) VALUES (210974916, '2020-01-14', 81);
 INSERT INTO `lecture_student` (`stud_number`,`reg_date`,  `lecture_id` ) VALUES (210974916, '2020-01-14', 65);
 INSERT INTO `lecture_student` (`stud_number`,`reg_date`,  `lecture_id` ) VALUES (210974916, '2020-01-14' ,64);
 INSERT INTO `lecture_student` (`stud_number`,`reg_date`,  `lecture_id` ) VALUES (210974916, '2020-01-14' ,11);
 INSERT INTO `student_course_registation` ( `stud_number`, `course_id` ) VALUES (210405605, 1);
 INSERT INTO `lecture_student` (`stud_number`,`reg_date`,  `lecture_id` ) VALUES (210405605, '2020-01-14', 81);
 INSERT INTO `lecture_student` (`stud_number`,`reg_date`,  `lecture_id` ) VALUES (210405605, '2020-01-14' ,79);
 INSERT INTO `lecture_student` (`stud_number`,`reg_date`,  `lecture_id` ) VALUES (210405605, '2020-01-14' ,78);
 INSERT INTO `lecture_student` (`stud_number`,`reg_date`,  `lecture_id` ) VALUES (210405605, '2020-01-14' ,77);
 INSERT INTO `lecture_student` (`stud_number`,`reg_date`,  `lecture_id` ) VALUES (210405605, '2020-01-14' ,80);
 INSERT INTO `lecture_student` (`stud_number`,`reg_date`,  `lecture_id` ) VALUES (210405605, '2020-01-14', 65);
 INSERT INTO `lecture_student` (`stud_number`,`reg_date`,  `lecture_id` ) VALUES (210405605, '2020-01-14' ,64);
 INSERT INTO `lecture_student` (`stud_number`,`reg_date`,  `lecture_id` ) VALUES (210405605, '2020-01-14' ,11);
 INSERT INTO `student_course_registation` ( `stud_number`, `course_id` ) VALUES (210186245, 1);
 INSERT INTO `lecture_student` (`stud_number`,`reg_date`,  `lecture_id` ) VALUES (210186245, '2020-01-14', 81);
 INSERT INTO `lecture_student` (`stud_number`,`reg_date`,  `lecture_id` ) VALUES (210186245, '2020-01-14' ,78);
 INSERT INTO `lecture_student` (`stud_number`,`reg_date`,  `lecture_id` ) VALUES (210186245, '2020-01-14' ,77);
 INSERT INTO `lecture_student` (`stud_number`,`reg_date`,  `lecture_id` ) VALUES (210186245, '2020-01-14', 65);
 INSERT INTO `lecture_student` (`stud_number`,`reg_date`,  `lecture_id` ) VALUES (210186245, '2020-01-14' ,64);
 INSERT INTO `lecture_student` (`stud_number`,`reg_date`,  `lecture_id` ) VALUES (210186245, '2020-01-14' ,11);
 INSERT INTO `student_course_registation` ( `stud_number`, `course_id` ) VALUES (210683990, 1);
 INSERT INTO `lecture_student` (`stud_number`,`reg_date`,  `lecture_id` ) VALUES (210683990, '2020-01-14', 81);
 INSERT INTO `lecture_student` (`stud_number`,`reg_date`,  `lecture_id` ) VALUES (210683990, '2020-01-14' ,79);
 INSERT INTO `lecture_student` (`stud_number`,`reg_date`,  `lecture_id` ) VALUES (210683990, '2020-01-14' ,77);
 INSERT INTO `lecture_student` (`stud_number`,`reg_date`,  `lecture_id` ) VALUES (210683990, '2020-01-14' ,80);
 INSERT INTO `lecture_student` (`stud_number`,`reg_date`,  `lecture_id` ) VALUES (210683990, '2020-01-14', 65);
 INSERT INTO `lecture_student` (`stud_number`,`reg_date`,  `lecture_id` ) VALUES (210683990, '2020-01-14' ,11);
 INSERT INTO `student_course_registation` ( `stud_number`, `course_id` ) VALUES (210176623, 1);
 INSERT INTO `lecture_student` (`stud_number`,`reg_date`,  `lecture_id` ) VALUES (210176623, '2020-01-14', 81);
 INSERT INTO `lecture_student` (`stud_number`,`reg_date`,  `lecture_id` ) VALUES (210176623, '2020-01-14' ,78);
 INSERT INTO `lecture_student` (`stud_number`,`reg_date`,  `lecture_id` ) VALUES (210176623, '2020-01-14' ,77);
 INSERT INTO `lecture_student` (`stud_number`,`reg_date`,  `lecture_id` ) VALUES (210176623, '2020-01-14', 65);
 INSERT INTO `lecture_student` (`stud_number`,`reg_date`,  `lecture_id` ) VALUES (210176623, '2020-01-14' ,64);
 INSERT INTO `lecture_student` (`stud_number`,`reg_date`,  `lecture_id` ) VALUES (210176623, '2020-01-14' ,11);
 INSERT INTO `student_course_registation` ( `stud_number`, `course_id` ) VALUES (210676210, 1);
 INSERT INTO `lecture_student` (`stud_number`,`reg_date`,  `lecture_id` ) VALUES (210676210, '2020-01-14', 81);
 INSERT INTO `lecture_student` (`stud_number`,`reg_date`,  `lecture_id` ) VALUES (210676210, '2020-01-14' ,79);
 INSERT INTO `lecture_student` (`stud_number`,`reg_date`,  `lecture_id` ) VALUES (210676210, '2020-01-14' ,77);
 INSERT INTO `lecture_student` (`stud_number`,`reg_date`,  `lecture_id` ) VALUES (210676210, '2020-01-14' ,80);
 INSERT INTO `lecture_student` (`stud_number`,`reg_date`,  `lecture_id` ) VALUES (210676210, '2020-01-14', 65);
 INSERT INTO `lecture_student` (`stud_number`,`reg_date`,  `lecture_id` ) VALUES (210676210, '2020-01-14' ,64);
 INSERT INTO `lecture_student` (`stud_number`,`reg_date`,  `lecture_id` ) VALUES (210676210, '2020-01-14' ,11);
 INSERT INTO `student_course_registation` ( `stud_number`, `course_id` ) VALUES (210880235, 1);
 INSERT INTO `lecture_student` (`stud_number`,`reg_date`,  `lecture_id` ) VALUES (210880235, '2020-01-14', 81);
 INSERT INTO `lecture_student` (`stud_number`,`reg_date`,  `lecture_id` ) VALUES (210880235, '2020-01-14' ,79);
 INSERT INTO `lecture_student` (`stud_number`,`reg_date`,  `lecture_id` ) VALUES (210880235, '2020-01-14' ,78);
 INSERT INTO `lecture_student` (`stud_number`,`reg_date`,  `lecture_id` ) VALUES (210880235, '2020-01-14' ,77);
 INSERT INTO `lecture_student` (`stud_number`,`reg_date`,  `lecture_id` ) VALUES (210880235, '2020-01-14' ,80);
 INSERT INTO `lecture_student` (`stud_number`,`reg_date`,  `lecture_id` ) VALUES (210880235, '2020-01-14', 65);
 INSERT INTO `lecture_student` (`stud_number`,`reg_date`,  `lecture_id` ) VALUES (210880235, '2020-01-14' ,64);
 INSERT INTO `lecture_student` (`stud_number`,`reg_date`,  `lecture_id` ) VALUES (210880235, '2020-01-14' ,11);
 INSERT INTO `student_course_registation` ( `stud_number`, `course_id` ) VALUES (210937253, 1);
 INSERT INTO `lecture_student` (`stud_number`,`reg_date`,  `lecture_id` ) VALUES (210937253, '2020-01-14', 81);
 INSERT INTO `lecture_student` (`stud_number`,`reg_date`,  `lecture_id` ) VALUES (210937253, '2020-01-14' ,79);
 INSERT INTO `lecture_student` (`stud_number`,`reg_date`,  `lecture_id` ) VALUES (210937253, '2020-01-14' ,77);
 INSERT INTO `lecture_student` (`stud_number`,`reg_date`,  `lecture_id` ) VALUES (210937253, '2020-01-14' ,80);
 INSERT INTO `lecture_student` (`stud_number`,`reg_date`,  `lecture_id` ) VALUES (210937253, '2020-01-14', 65);
 INSERT INTO `lecture_student` (`stud_number`,`reg_date`,  `lecture_id` ) VALUES (210937253, '2020-01-14' ,64);
 INSERT INTO `lecture_student` (`stud_number`,`reg_date`,  `lecture_id` ) VALUES (210937253, '2020-01-14' ,11);
 INSERT INTO `student_course_registation` ( `stud_number`, `course_id` ) VALUES (210522623, 1);
 INSERT INTO `lecture_student` (`stud_number`,`reg_date`,  `lecture_id` ) VALUES (210522623, '2020-01-14', 81);
 INSERT INTO `lecture_student` (`stud_number`,`reg_date`,  `lecture_id` ) VALUES (210522623, '2020-01-14' ,77);
 INSERT INTO `lecture_student` (`stud_number`,`reg_date`,  `lecture_id` ) VALUES (210522623, '2020-01-14' ,80);
 INSERT INTO `lecture_student` (`stud_number`,`reg_date`,  `lecture_id` ) VALUES (210522623, '2020-01-14', 65);
 INSERT INTO `lecture_student` (`stud_number`,`reg_date`,  `lecture_id` ) VALUES (210522623, '2020-01-14' ,64);
 INSERT INTO `lecture_student` (`stud_number`,`reg_date`,  `lecture_id` ) VALUES (210522623, '2020-01-14' ,11);
 INSERT INTO `student_course_registation` ( `stud_number`, `course_id` ) VALUES (210875988, 1);
 INSERT INTO `lecture_student` (`stud_number`,`reg_date`,  `lecture_id` ) VALUES (210875988, '2020-01-14', 81);
 INSERT INTO `lecture_student` (`stud_number`,`reg_date`,  `lecture_id` ) VALUES (210875988, '2020-01-14' ,79);
 INSERT INTO `lecture_student` (`stud_number`,`reg_date`,  `lecture_id` ) VALUES (210875988, '2020-01-14' ,78);
 INSERT INTO `lecture_student` (`stud_number`,`reg_date`,  `lecture_id` ) VALUES (210875988, '2020-01-14' ,77);
 INSERT INTO `lecture_student` (`stud_number`,`reg_date`,  `lecture_id` ) VALUES (210875988, '2020-01-14' ,80);
 INSERT INTO `lecture_student` (`stud_number`,`reg_date`,  `lecture_id` ) VALUES (210875988, '2020-01-14', 65);
 INSERT INTO `lecture_student` (`stud_number`,`reg_date`,  `lecture_id` ) VALUES (210875988, '2020-01-14' ,11);
 INSERT INTO `student_course_registation` ( `stud_number`, `course_id` ) VALUES (210154588, 1);
 INSERT INTO `lecture_student` (`stud_number`,`reg_date`,  `lecture_id` ) VALUES (210154588, '2020-01-14', 81);
 INSERT INTO `lecture_student` (`stud_number`,`reg_date`,  `lecture_id` ) VALUES (210154588, '2020-01-14' ,79);
 INSERT INTO `lecture_student` (`stud_number`,`reg_date`,  `lecture_id` ) VALUES (210154588, '2020-01-14' ,77);
 INSERT INTO `lecture_student` (`stud_number`,`reg_date`,  `lecture_id` ) VALUES (210154588, '2020-01-14' ,80);
 INSERT INTO `lecture_student` (`stud_number`,`reg_date`,  `lecture_id` ) VALUES (210154588, '2020-01-14', 65);
 INSERT INTO `lecture_student` (`stud_number`,`reg_date`,  `lecture_id` ) VALUES (210154588, '2020-01-14' ,64);
 INSERT INTO `lecture_student` (`stud_number`,`reg_date`,  `lecture_id` ) VALUES (210154588, '2020-01-14' ,11);
 INSERT INTO `student_course_registation` ( `stud_number`, `course_id` ) VALUES (210782169, 1);
 INSERT INTO `lecture_student` (`stud_number`,`reg_date`,  `lecture_id` ) VALUES (210782169, '2020-01-14', 81);
 INSERT INTO `lecture_student` (`stud_number`,`reg_date`,  `lecture_id` ) VALUES (210782169, '2020-01-14' ,79);
 INSERT INTO `lecture_student` (`stud_number`,`reg_date`,  `lecture_id` ) VALUES (210782169, '2020-01-14' ,77);
 INSERT INTO `lecture_student` (`stud_number`,`reg_date`,  `lecture_id` ) VALUES (210782169, '2020-01-14' ,80);
 INSERT INTO `lecture_student` (`stud_number`,`reg_date`,  `lecture_id` ) VALUES (210782169, '2020-01-14', 65);
 INSERT INTO `lecture_student` (`stud_number`,`reg_date`,  `lecture_id` ) VALUES (210782169, '2020-01-14' ,64);
 INSERT INTO `lecture_student` (`stud_number`,`reg_date`,  `lecture_id` ) VALUES (210782169, '2020-01-14' ,11);
 INSERT INTO `student_course_registation` ( `stud_number`, `course_id` ) VALUES (210314948, 1);
 INSERT INTO `lecture_student` (`stud_number`,`reg_date`,  `lecture_id` ) VALUES (210314948, '2020-01-14', 81);
 INSERT INTO `lecture_student` (`stud_number`,`reg_date`,  `lecture_id` ) VALUES (210314948, '2020-01-14' ,79);
 INSERT INTO `lecture_student` (`stud_number`,`reg_date`,  `lecture_id` ) VALUES (210314948, '2020-01-14' ,78);
 INSERT INTO `lecture_student` (`stud_number`,`reg_date`,  `lecture_id` ) VALUES (210314948, '2020-01-14' ,77);
 INSERT INTO `lecture_student` (`stud_number`,`reg_date`,  `lecture_id` ) VALUES (210314948, '2020-01-14' ,80);
 INSERT INTO `lecture_student` (`stud_number`,`reg_date`,  `lecture_id` ) VALUES (210314948, '2020-01-14', 65);
 INSERT INTO `lecture_student` (`stud_number`,`reg_date`,  `lecture_id` ) VALUES (210314948, '2020-01-14' ,64);
 INSERT INTO `lecture_student` (`stud_number`,`reg_date`,  `lecture_id` ) VALUES (210314948, '2020-01-14' ,11);
 INSERT INTO `student_course_registation` ( `stud_number`, `course_id` ) VALUES (210797143, 1);
 INSERT INTO `lecture_student` (`stud_number`,`reg_date`,  `lecture_id` ) VALUES (210797143, '2020-01-14' ,79);
 INSERT INTO `lecture_student` (`stud_number`,`reg_date`,  `lecture_id` ) VALUES (210797143, '2020-01-14' ,77);
 INSERT INTO `lecture_student` (`stud_number`,`reg_date`,  `lecture_id` ) VALUES (210797143, '2020-01-14' ,80);
 INSERT INTO `lecture_student` (`stud_number`,`reg_date`,  `lecture_id` ) VALUES (210797143, '2020-01-14' ,64);
 INSERT INTO `lecture_student` (`stud_number`,`reg_date`,  `lecture_id` ) VALUES (210797143, '2020-01-14' ,11);
 INSERT INTO `student_course_registation` ( `stud_number`, `course_id` ) VALUES (210996051, 1);
 INSERT INTO `lecture_student` (`stud_number`,`reg_date`,  `lecture_id` ) VALUES (210996051, '2020-01-14', 81);
 INSERT INTO `lecture_student` (`stud_number`,`reg_date`,  `lecture_id` ) VALUES (210996051, '2020-01-14' ,79);
 INSERT INTO `lecture_student` (`stud_number`,`reg_date`,  `lecture_id` ) VALUES (210996051, '2020-01-14' ,78);
 INSERT INTO `lecture_student` (`stud_number`,`reg_date`,  `lecture_id` ) VALUES (210996051, '2020-01-14' ,77);
 INSERT INTO `lecture_student` (`stud_number`,`reg_date`,  `lecture_id` ) VALUES (210996051, '2020-01-14' ,80);
 INSERT INTO `lecture_student` (`stud_number`,`reg_date`,  `lecture_id` ) VALUES (210996051, '2020-01-14', 65);
 INSERT INTO `lecture_student` (`stud_number`,`reg_date`,  `lecture_id` ) VALUES (210996051, '2020-01-14' ,64);
 INSERT INTO `lecture_student` (`stud_number`,`reg_date`,  `lecture_id` ) VALUES (210996051, '2020-01-14' ,11);
 INSERT INTO `student_course_registation` ( `stud_number`, `course_id` ) VALUES (210209733, 1);
 INSERT INTO `lecture_student` (`stud_number`,`reg_date`,  `lecture_id` ) VALUES (210209733, '2020-01-14', 81);
 INSERT INTO `lecture_student` (`stud_number`,`reg_date`,  `lecture_id` ) VALUES (210209733, '2020-01-14' ,79);
 INSERT INTO `lecture_student` (`stud_number`,`reg_date`,  `lecture_id` ) VALUES (210209733, '2020-01-14' ,80);
 INSERT INTO `lecture_student` (`stud_number`,`reg_date`,  `lecture_id` ) VALUES (210209733, '2020-01-14', 65);
 INSERT INTO `lecture_student` (`stud_number`,`reg_date`,  `lecture_id` ) VALUES (210209733, '2020-01-14' ,11);
 INSERT INTO `student_course_registation` ( `stud_number`, `course_id` ) VALUES (210103057, 1);
 INSERT INTO `lecture_student` (`stud_number`,`reg_date`,  `lecture_id` ) VALUES (210103057, '2020-01-14', 81);
 INSERT INTO `lecture_student` (`stud_number`,`reg_date`,  `lecture_id` ) VALUES (210103057, '2020-01-14' ,79);
 INSERT INTO `lecture_student` (`stud_number`,`reg_date`,  `lecture_id` ) VALUES (210103057, '2020-01-14' ,78);
 INSERT INTO `lecture_student` (`stud_number`,`reg_date`,  `lecture_id` ) VALUES (210103057, '2020-01-14' ,80);
 INSERT INTO `lecture_student` (`stud_number`,`reg_date`,  `lecture_id` ) VALUES (210103057, '2020-01-14', 65);
 INSERT INTO `lecture_student` (`stud_number`,`reg_date`,  `lecture_id` ) VALUES (210103057, '2020-01-14' ,64);
 INSERT INTO `lecture_student` (`stud_number`,`reg_date`,  `lecture_id` ) VALUES (210103057, '2020-01-14' ,11);
 INSERT INTO `student_course_registation` ( `stud_number`, `course_id` ) VALUES (210673783, 1);
 INSERT INTO `lecture_student` (`stud_number`,`reg_date`,  `lecture_id` ) VALUES (210673783, '2020-01-14' ,79);
 INSERT INTO `lecture_student` (`stud_number`,`reg_date`,  `lecture_id` ) VALUES (210673783, '2020-01-14' ,80);
 INSERT INTO `lecture_student` (`stud_number`,`reg_date`,  `lecture_id` ) VALUES (210673783, '2020-01-14', 65);
 INSERT INTO `lecture_student` (`stud_number`,`reg_date`,  `lecture_id` ) VALUES (210673783, '2020-01-14' ,64);
 INSERT INTO `lecture_student` (`stud_number`,`reg_date`,  `lecture_id` ) VALUES (210673783, '2020-01-14' ,11);
 INSERT INTO `student_course_registation` ( `stud_number`, `course_id` ) VALUES (210725657, 1);
 INSERT INTO `lecture_student` (`stud_number`,`reg_date`,  `lecture_id` ) VALUES (210725657, '2020-01-14', 81);
 INSERT INTO `lecture_student` (`stud_number`,`reg_date`,  `lecture_id` ) VALUES (210725657, '2020-01-14' ,77);
 INSERT INTO `lecture_student` (`stud_number`,`reg_date`,  `lecture_id` ) VALUES (210725657, '2020-01-14' ,80);
 INSERT INTO `lecture_student` (`stud_number`,`reg_date`,  `lecture_id` ) VALUES (210725657, '2020-01-14', 65);
 INSERT INTO `lecture_student` (`stud_number`,`reg_date`,  `lecture_id` ) VALUES (210725657, '2020-01-14' ,64);
 INSERT INTO `lecture_student` (`stud_number`,`reg_date`,  `lecture_id` ) VALUES (210725657, '2020-01-14' ,11);
 INSERT INTO `student_course_registation` ( `stud_number`, `course_id` ) VALUES (210324048, 1);
 INSERT INTO `lecture_student` (`stud_number`,`reg_date`,  `lecture_id` ) VALUES (210324048, '2020-01-14', 81);
 INSERT INTO `lecture_student` (`stud_number`,`reg_date`,  `lecture_id` ) VALUES (210324048, '2020-01-14' ,79);
 INSERT INTO `lecture_student` (`stud_number`,`reg_date`,  `lecture_id` ) VALUES (210324048, '2020-01-14' ,78);
 INSERT INTO `lecture_student` (`stud_number`,`reg_date`,  `lecture_id` ) VALUES (210324048, '2020-01-14' ,77);
 INSERT INTO `lecture_student` (`stud_number`,`reg_date`,  `lecture_id` ) VALUES (210324048, '2020-01-14' ,80);
 INSERT INTO `lecture_student` (`stud_number`,`reg_date`,  `lecture_id` ) VALUES (210324048, '2020-01-14', 65);
 INSERT INTO `lecture_student` (`stud_number`,`reg_date`,  `lecture_id` ) VALUES (210324048, '2020-01-14' ,64);
 INSERT INTO `lecture_student` (`stud_number`,`reg_date`,  `lecture_id` ) VALUES (210324048, '2020-01-14' ,11);
 INSERT INTO `student_course_registation` ( `stud_number`, `course_id` ) VALUES (210746053, 1);
 INSERT INTO `lecture_student` (`stud_number`,`reg_date`,  `lecture_id` ) VALUES (210746053, '2020-01-14', 81);
 INSERT INTO `lecture_student` (`stud_number`,`reg_date`,  `lecture_id` ) VALUES (210746053, '2020-01-14' ,78);
 INSERT INTO `lecture_student` (`stud_number`,`reg_date`,  `lecture_id` ) VALUES (210746053, '2020-01-14' ,77);
 INSERT INTO `lecture_student` (`stud_number`,`reg_date`,  `lecture_id` ) VALUES (210746053, '2020-01-14' ,80);
 INSERT INTO `lecture_student` (`stud_number`,`reg_date`,  `lecture_id` ) VALUES (210746053, '2020-01-14', 65);
 INSERT INTO `lecture_student` (`stud_number`,`reg_date`,  `lecture_id` ) VALUES (210746053, '2020-01-14' ,64);
 INSERT INTO `lecture_student` (`stud_number`,`reg_date`,  `lecture_id` ) VALUES (210746053, '2020-01-14' ,11);
 INSERT INTO `student_course_registation` ( `stud_number`, `course_id` ) VALUES (210692704, 1);
 INSERT INTO `lecture_student` (`stud_number`,`reg_date`,  `lecture_id` ) VALUES (210692704, '2020-01-14', 81);
 INSERT INTO `lecture_student` (`stud_number`,`reg_date`,  `lecture_id` ) VALUES (210692704, '2020-01-14' ,79);
 INSERT INTO `lecture_student` (`stud_number`,`reg_date`,  `lecture_id` ) VALUES (210692704, '2020-01-14' ,77);
 INSERT INTO `lecture_student` (`stud_number`,`reg_date`,  `lecture_id` ) VALUES (210692704, '2020-01-14' ,80);
 INSERT INTO `lecture_student` (`stud_number`,`reg_date`,  `lecture_id` ) VALUES (210692704, '2020-01-14', 65);
 INSERT INTO `lecture_student` (`stud_number`,`reg_date`,  `lecture_id` ) VALUES (210692704, '2020-01-14' ,64);
 INSERT INTO `lecture_student` (`stud_number`,`reg_date`,  `lecture_id` ) VALUES (210692704, '2020-01-14' ,11);
 INSERT INTO `student_course_registation` ( `stud_number`, `course_id` ) VALUES (210625147, 1);
 INSERT INTO `lecture_student` (`stud_number`,`reg_date`,  `lecture_id` ) VALUES (210625147, '2020-01-14', 81);
 INSERT INTO `lecture_student` (`stud_number`,`reg_date`,  `lecture_id` ) VALUES (210625147, '2020-01-14' ,79);
 INSERT INTO `lecture_student` (`stud_number`,`reg_date`,  `lecture_id` ) VALUES (210625147, '2020-01-14' ,78);
 INSERT INTO `lecture_student` (`stud_number`,`reg_date`,  `lecture_id` ) VALUES (210625147, '2020-01-14' ,77);
 INSERT INTO `lecture_student` (`stud_number`,`reg_date`,  `lecture_id` ) VALUES (210625147, '2020-01-14' ,80);
 INSERT INTO `lecture_student` (`stud_number`,`reg_date`,  `lecture_id` ) VALUES (210625147, '2020-01-14', 65);
 INSERT INTO `lecture_student` (`stud_number`,`reg_date`,  `lecture_id` ) VALUES (210625147, '2020-01-14' ,64);
 INSERT INTO `lecture_student` (`stud_number`,`reg_date`,  `lecture_id` ) VALUES (210625147, '2020-01-14' ,11);
 INSERT INTO `student_course_registation` ( `stud_number`, `course_id` ) VALUES (210877537, 1);
 INSERT INTO `lecture_student` (`stud_number`,`reg_date`,  `lecture_id` ) VALUES (210877537, '2020-01-14', 81);
 INSERT INTO `lecture_student` (`stud_number`,`reg_date`,  `lecture_id` ) VALUES (210877537, '2020-01-14' ,79);
 INSERT INTO `lecture_student` (`stud_number`,`reg_date`,  `lecture_id` ) VALUES (210877537, '2020-01-14' ,78);
 INSERT INTO `lecture_student` (`stud_number`,`reg_date`,  `lecture_id` ) VALUES (210877537, '2020-01-14' ,77);
 INSERT INTO `lecture_student` (`stud_number`,`reg_date`,  `lecture_id` ) VALUES (210877537, '2020-01-14' ,80);
 INSERT INTO `lecture_student` (`stud_number`,`reg_date`,  `lecture_id` ) VALUES (210877537, '2020-01-14', 65);
 INSERT INTO `lecture_student` (`stud_number`,`reg_date`,  `lecture_id` ) VALUES (210877537, '2020-01-14' ,64);
 INSERT INTO `lecture_student` (`stud_number`,`reg_date`,  `lecture_id` ) VALUES (210877537, '2020-01-14' ,11);
 INSERT INTO `student_course_registation` ( `stud_number`, `course_id` ) VALUES (210287598, 1);
 INSERT INTO `lecture_student` (`stud_number`,`reg_date`,  `lecture_id` ) VALUES (210287598, '2020-01-14', 81);
 INSERT INTO `lecture_student` (`stud_number`,`reg_date`,  `lecture_id` ) VALUES (210287598, '2020-01-14' ,79);
 INSERT INTO `lecture_student` (`stud_number`,`reg_date`,  `lecture_id` ) VALUES (210287598, '2020-01-14' ,77);
 INSERT INTO `lecture_student` (`stud_number`,`reg_date`,  `lecture_id` ) VALUES (210287598, '2020-01-14' ,80);
 INSERT INTO `lecture_student` (`stud_number`,`reg_date`,  `lecture_id` ) VALUES (210287598, '2020-01-14', 65);
 INSERT INTO `lecture_student` (`stud_number`,`reg_date`,  `lecture_id` ) VALUES (210287598, '2020-01-14' ,64);
 INSERT INTO `lecture_student` (`stud_number`,`reg_date`,  `lecture_id` ) VALUES (210287598, '2020-01-14' ,11);
 INSERT INTO `student_course_registation` ( `stud_number`, `course_id` ) VALUES (210320910, 1);
 INSERT INTO `lecture_student` (`stud_number`,`reg_date`,  `lecture_id` ) VALUES (210320910, '2020-01-14', 81);
 INSERT INTO `lecture_student` (`stud_number`,`reg_date`,  `lecture_id` ) VALUES (210320910, '2020-01-14' ,79);
 INSERT INTO `lecture_student` (`stud_number`,`reg_date`,  `lecture_id` ) VALUES (210320910, '2020-01-14' ,77);
 INSERT INTO `lecture_student` (`stud_number`,`reg_date`,  `lecture_id` ) VALUES (210320910, '2020-01-14' ,80);
 INSERT INTO `lecture_student` (`stud_number`,`reg_date`,  `lecture_id` ) VALUES (210320910, '2020-01-14', 65);
 INSERT INTO `lecture_student` (`stud_number`,`reg_date`,  `lecture_id` ) VALUES (210320910, '2020-01-14' ,64);
 INSERT INTO `student_course_registation` ( `stud_number`, `course_id` ) VALUES (210388406, 1);
 INSERT INTO `lecture_student` (`stud_number`,`reg_date`,  `lecture_id` ) VALUES (210388406, '2020-01-14' ,77);
 INSERT INTO `lecture_student` (`stud_number`,`reg_date`,  `lecture_id` ) VALUES (210388406, '2020-01-14', 65);
 INSERT INTO `lecture_student` (`stud_number`,`reg_date`,  `lecture_id` ) VALUES (210388406, '2020-01-14' ,11);
 INSERT INTO `student_course_registation` ( `stud_number`, `course_id` ) VALUES (210704390, 1);
 INSERT INTO `lecture_student` (`stud_number`,`reg_date`,  `lecture_id` ) VALUES (210704390, '2020-01-14', 81);
 INSERT INTO `lecture_student` (`stud_number`,`reg_date`,  `lecture_id` ) VALUES (210704390, '2020-01-14' ,79);
 INSERT INTO `lecture_student` (`stud_number`,`reg_date`,  `lecture_id` ) VALUES (210704390, '2020-01-14' ,78);
 INSERT INTO `lecture_student` (`stud_number`,`reg_date`,  `lecture_id` ) VALUES (210704390, '2020-01-14' ,77);
 INSERT INTO `lecture_student` (`stud_number`,`reg_date`,  `lecture_id` ) VALUES (210704390, '2020-01-14' ,80);
 INSERT INTO `lecture_student` (`stud_number`,`reg_date`,  `lecture_id` ) VALUES (210704390, '2020-01-14', 65);
 INSERT INTO `lecture_student` (`stud_number`,`reg_date`,  `lecture_id` ) VALUES (210704390, '2020-01-14' ,64);
 INSERT INTO `lecture_student` (`stud_number`,`reg_date`,  `lecture_id` ) VALUES (210704390, '2020-01-14' ,11);
 INSERT INTO `student_course_registation` ( `stud_number`, `course_id` ) VALUES (210171728, 1);
 INSERT INTO `lecture_student` (`stud_number`,`reg_date`,  `lecture_id` ) VALUES (210171728, '2020-01-14' ,77);
 INSERT INTO `lecture_student` (`stud_number`,`reg_date`,  `lecture_id` ) VALUES (210171728, '2020-01-14', 65);
 INSERT INTO `lecture_student` (`stud_number`,`reg_date`,  `lecture_id` ) VALUES (210171728, '2020-01-14' ,64);
 INSERT INTO `lecture_student` (`stud_number`,`reg_date`,  `lecture_id` ) VALUES (210171728, '2020-01-14' ,11);
 INSERT INTO `student_course_registation` ( `stud_number`, `course_id` ) VALUES (210823655, 1);
 INSERT INTO `lecture_student` (`stud_number`,`reg_date`,  `lecture_id` ) VALUES (210823655, '2020-01-14', 81);
 INSERT INTO `lecture_student` (`stud_number`,`reg_date`,  `lecture_id` ) VALUES (210823655, '2020-01-14' ,78);
 INSERT INTO `lecture_student` (`stud_number`,`reg_date`,  `lecture_id` ) VALUES (210823655, '2020-01-14' ,80);
 INSERT INTO `lecture_student` (`stud_number`,`reg_date`,  `lecture_id` ) VALUES (210823655, '2020-01-14', 65);
 INSERT INTO `lecture_student` (`stud_number`,`reg_date`,  `lecture_id` ) VALUES (210823655, '2020-01-14' ,64);
 INSERT INTO `lecture_student` (`stud_number`,`reg_date`,  `lecture_id` ) VALUES (210823655, '2020-01-14' ,11);
 INSERT INTO `student_course_registation` ( `stud_number`, `course_id` ) VALUES (210799354, 1);
 INSERT INTO `lecture_student` (`stud_number`,`reg_date`,  `lecture_id` ) VALUES (210799354, '2020-01-14' ,79);
 INSERT INTO `lecture_student` (`stud_number`,`reg_date`,  `lecture_id` ) VALUES (210799354, '2020-01-14' ,78);
 INSERT INTO `lecture_student` (`stud_number`,`reg_date`,  `lecture_id` ) VALUES (210799354, '2020-01-14' ,77);
 INSERT INTO `lecture_student` (`stud_number`,`reg_date`,  `lecture_id` ) VALUES (210799354, '2020-01-14' ,80);
 INSERT INTO `lecture_student` (`stud_number`,`reg_date`,  `lecture_id` ) VALUES (210799354, '2020-01-14', 65);
 INSERT INTO `lecture_student` (`stud_number`,`reg_date`,  `lecture_id` ) VALUES (210799354, '2020-01-14' ,64);
 INSERT INTO `lecture_student` (`stud_number`,`reg_date`,  `lecture_id` ) VALUES (210799354, '2020-01-14' ,11);
 INSERT INTO `student_course_registation` ( `stud_number`, `course_id` ) VALUES (210880510, 1);
 INSERT INTO `lecture_student` (`stud_number`,`reg_date`,  `lecture_id` ) VALUES (210880510, '2020-01-14', 81);
 INSERT INTO `lecture_student` (`stud_number`,`reg_date`,  `lecture_id` ) VALUES (210880510, '2020-01-14' ,79);
 INSERT INTO `lecture_student` (`stud_number`,`reg_date`,  `lecture_id` ) VALUES (210880510, '2020-01-14' ,77);
 INSERT INTO `lecture_student` (`stud_number`,`reg_date`,  `lecture_id` ) VALUES (210880510, '2020-01-14' ,80);
 INSERT INTO `lecture_student` (`stud_number`,`reg_date`,  `lecture_id` ) VALUES (210880510, '2020-01-14', 65);
 INSERT INTO `lecture_student` (`stud_number`,`reg_date`,  `lecture_id` ) VALUES (210880510, '2020-01-14' ,64);
 INSERT INTO `lecture_student` (`stud_number`,`reg_date`,  `lecture_id` ) VALUES (210880510, '2020-01-14' ,11);
 INSERT INTO `student_course_registation` ( `stud_number`, `course_id` ) VALUES (210928613, 1);
 INSERT INTO `lecture_student` (`stud_number`,`reg_date`,  `lecture_id` ) VALUES (210928613, '2020-01-14', 81);
 INSERT INTO `lecture_student` (`stud_number`,`reg_date`,  `lecture_id` ) VALUES (210928613, '2020-01-14' ,79);
 INSERT INTO `lecture_student` (`stud_number`,`reg_date`,  `lecture_id` ) VALUES (210928613, '2020-01-14' ,78);
 INSERT INTO `lecture_student` (`stud_number`,`reg_date`,  `lecture_id` ) VALUES (210928613, '2020-01-14' ,77);
 INSERT INTO `lecture_student` (`stud_number`,`reg_date`,  `lecture_id` ) VALUES (210928613, '2020-01-14' ,80);
 INSERT INTO `lecture_student` (`stud_number`,`reg_date`,  `lecture_id` ) VALUES (210928613, '2020-01-14', 65);
 INSERT INTO `lecture_student` (`stud_number`,`reg_date`,  `lecture_id` ) VALUES (210928613, '2020-01-14' ,11);
 INSERT INTO `student_course_registation` ( `stud_number`, `course_id` ) VALUES (210631554, 1);
 INSERT INTO `lecture_student` (`stud_number`,`reg_date`,  `lecture_id` ) VALUES (210631554, '2020-01-14', 81);
 INSERT INTO `lecture_student` (`stud_number`,`reg_date`,  `lecture_id` ) VALUES (210631554, '2020-01-14' ,79);
 INSERT INTO `lecture_student` (`stud_number`,`reg_date`,  `lecture_id` ) VALUES (210631554, '2020-01-14' ,78);
 INSERT INTO `lecture_student` (`stud_number`,`reg_date`,  `lecture_id` ) VALUES (210631554, '2020-01-14' ,77);
 INSERT INTO `lecture_student` (`stud_number`,`reg_date`,  `lecture_id` ) VALUES (210631554, '2020-01-14' ,64);
 INSERT INTO `lecture_student` (`stud_number`,`reg_date`,  `lecture_id` ) VALUES (210631554, '2020-01-14' ,11);
 INSERT INTO `student_course_registation` ( `stud_number`, `course_id` ) VALUES (210999147, 1);
 INSERT INTO `lecture_student` (`stud_number`,`reg_date`,  `lecture_id` ) VALUES (210999147, '2020-01-14', 81);
 INSERT INTO `lecture_student` (`stud_number`,`reg_date`,  `lecture_id` ) VALUES (210999147, '2020-01-14' ,79);
 INSERT INTO `lecture_student` (`stud_number`,`reg_date`,  `lecture_id` ) VALUES (210999147, '2020-01-14' ,78);
 INSERT INTO `lecture_student` (`stud_number`,`reg_date`,  `lecture_id` ) VALUES (210999147, '2020-01-14', 65);
 INSERT INTO `lecture_student` (`stud_number`,`reg_date`,  `lecture_id` ) VALUES (210999147, '2020-01-14' ,64);
 INSERT INTO `lecture_student` (`stud_number`,`reg_date`,  `lecture_id` ) VALUES (210999147, '2020-01-14' ,11);
 INSERT INTO `student_course_registation` ( `stud_number`, `course_id` ) VALUES (210419262, 1);
 INSERT INTO `lecture_student` (`stud_number`,`reg_date`,  `lecture_id` ) VALUES (210419262, '2020-01-14', 81);
 INSERT INTO `lecture_student` (`stud_number`,`reg_date`,  `lecture_id` ) VALUES (210419262, '2020-01-14' ,79);
 INSERT INTO `lecture_student` (`stud_number`,`reg_date`,  `lecture_id` ) VALUES (210419262, '2020-01-14' ,77);
 INSERT INTO `lecture_student` (`stud_number`,`reg_date`,  `lecture_id` ) VALUES (210419262, '2020-01-14' ,80);
 INSERT INTO `lecture_student` (`stud_number`,`reg_date`,  `lecture_id` ) VALUES (210419262, '2020-01-14', 65);
 INSERT INTO `lecture_student` (`stud_number`,`reg_date`,  `lecture_id` ) VALUES (210419262, '2020-01-14' ,64);
 INSERT INTO `lecture_student` (`stud_number`,`reg_date`,  `lecture_id` ) VALUES (210419262, '2020-01-14' ,11);
 INSERT INTO `student_course_registation` ( `stud_number`, `course_id` ) VALUES (210814527, 1);
 INSERT INTO `lecture_student` (`stud_number`,`reg_date`,  `lecture_id` ) VALUES (210814527, '2020-01-14', 81);
 INSERT INTO `lecture_student` (`stud_number`,`reg_date`,  `lecture_id` ) VALUES (210814527, '2020-01-14' ,79);
 INSERT INTO `lecture_student` (`stud_number`,`reg_date`,  `lecture_id` ) VALUES (210814527, '2020-01-14' ,78);
 INSERT INTO `lecture_student` (`stud_number`,`reg_date`,  `lecture_id` ) VALUES (210814527, '2020-01-14' ,80);
 INSERT INTO `lecture_student` (`stud_number`,`reg_date`,  `lecture_id` ) VALUES (210814527, '2020-01-14', 65);
 INSERT INTO `lecture_student` (`stud_number`,`reg_date`,  `lecture_id` ) VALUES (210814527, '2020-01-14' ,64);
 INSERT INTO `lecture_student` (`stud_number`,`reg_date`,  `lecture_id` ) VALUES (210814527, '2020-01-14' ,11);
 INSERT INTO `student_course_registation` ( `stud_number`, `course_id` ) VALUES (210758869, 1);
 INSERT INTO `lecture_student` (`stud_number`,`reg_date`,  `lecture_id` ) VALUES (210758869, '2020-01-14', 81);
 INSERT INTO `lecture_student` (`stud_number`,`reg_date`,  `lecture_id` ) VALUES (210758869, '2020-01-14' ,79);
 INSERT INTO `lecture_student` (`stud_number`,`reg_date`,  `lecture_id` ) VALUES (210758869, '2020-01-14' ,77);
 INSERT INTO `lecture_student` (`stud_number`,`reg_date`,  `lecture_id` ) VALUES (210758869, '2020-01-14' ,80);
 INSERT INTO `lecture_student` (`stud_number`,`reg_date`,  `lecture_id` ) VALUES (210758869, '2020-01-14', 65);
 INSERT INTO `lecture_student` (`stud_number`,`reg_date`,  `lecture_id` ) VALUES (210758869, '2020-01-14' ,64);
 INSERT INTO `lecture_student` (`stud_number`,`reg_date`,  `lecture_id` ) VALUES (210758869, '2020-01-14' ,11);
 INSERT INTO `student_course_registation` ( `stud_number`, `course_id` ) VALUES (210503588, 1);
 INSERT INTO `lecture_student` (`stud_number`,`reg_date`,  `lecture_id` ) VALUES (210503588, '2020-01-14', 81);
 INSERT INTO `lecture_student` (`stud_number`,`reg_date`,  `lecture_id` ) VALUES (210503588, '2020-01-14' ,77);
 INSERT INTO `lecture_student` (`stud_number`,`reg_date`,  `lecture_id` ) VALUES (210503588, '2020-01-14' ,80);
 INSERT INTO `lecture_student` (`stud_number`,`reg_date`,  `lecture_id` ) VALUES (210503588, '2020-01-14', 65);
 INSERT INTO `lecture_student` (`stud_number`,`reg_date`,  `lecture_id` ) VALUES (210503588, '2020-01-14' ,64);
 INSERT INTO `lecture_student` (`stud_number`,`reg_date`,  `lecture_id` ) VALUES (210503588, '2020-01-14' ,11);
 INSERT INTO `student_course_registation` ( `stud_number`, `course_id` ) VALUES (210339609, 1);
 INSERT INTO `lecture_student` (`stud_number`,`reg_date`,  `lecture_id` ) VALUES (210339609, '2020-01-14' ,78);
 INSERT INTO `lecture_student` (`stud_number`,`reg_date`,  `lecture_id` ) VALUES (210339609, '2020-01-14' ,77);
 INSERT INTO `lecture_student` (`stud_number`,`reg_date`,  `lecture_id` ) VALUES (210339609, '2020-01-14' ,80);
 INSERT INTO `lecture_student` (`stud_number`,`reg_date`,  `lecture_id` ) VALUES (210339609, '2020-01-14', 65);
 INSERT INTO `lecture_student` (`stud_number`,`reg_date`,  `lecture_id` ) VALUES (210339609, '2020-01-14' ,64);
 INSERT INTO `lecture_student` (`stud_number`,`reg_date`,  `lecture_id` ) VALUES (210339609, '2020-01-14' ,11);
 INSERT INTO `student_course_registation` ( `stud_number`, `course_id` ) VALUES (210904260, 1);
 INSERT INTO `lecture_student` (`stud_number`,`reg_date`,  `lecture_id` ) VALUES (210904260, '2020-01-14' ,79);
 INSERT INTO `lecture_student` (`stud_number`,`reg_date`,  `lecture_id` ) VALUES (210904260, '2020-01-14' ,77);
 INSERT INTO `lecture_student` (`stud_number`,`reg_date`,  `lecture_id` ) VALUES (210904260, '2020-01-14' ,80);
 INSERT INTO `lecture_student` (`stud_number`,`reg_date`,  `lecture_id` ) VALUES (210904260, '2020-01-14', 65);
 INSERT INTO `lecture_student` (`stud_number`,`reg_date`,  `lecture_id` ) VALUES (210904260, '2020-01-14' ,64);
 INSERT INTO `student_course_registation` ( `stud_number`, `course_id` ) VALUES (210947413, 1);
 INSERT INTO `lecture_student` (`stud_number`,`reg_date`,  `lecture_id` ) VALUES (210947413, '2020-01-14', 81);
 INSERT INTO `lecture_student` (`stud_number`,`reg_date`,  `lecture_id` ) VALUES (210947413, '2020-01-14' ,79);
 INSERT INTO `lecture_student` (`stud_number`,`reg_date`,  `lecture_id` ) VALUES (210947413, '2020-01-14' ,78);
 INSERT INTO `lecture_student` (`stud_number`,`reg_date`,  `lecture_id` ) VALUES (210947413, '2020-01-14' ,77);
 INSERT INTO `lecture_student` (`stud_number`,`reg_date`,  `lecture_id` ) VALUES (210947413, '2020-01-14' ,80);
 INSERT INTO `lecture_student` (`stud_number`,`reg_date`,  `lecture_id` ) VALUES (210947413, '2020-01-14', 65);
 INSERT INTO `lecture_student` (`stud_number`,`reg_date`,  `lecture_id` ) VALUES (210947413, '2020-01-14' ,64);
 INSERT INTO `lecture_student` (`stud_number`,`reg_date`,  `lecture_id` ) VALUES (210947413, '2020-01-14' ,11);
 INSERT INTO `student_course_registation` ( `stud_number`, `course_id` ) VALUES (210861479, 1);
 INSERT INTO `lecture_student` (`stud_number`,`reg_date`,  `lecture_id` ) VALUES (210861479, '2020-01-14', 81);
 INSERT INTO `lecture_student` (`stud_number`,`reg_date`,  `lecture_id` ) VALUES (210861479, '2020-01-14' ,79);
 INSERT INTO `lecture_student` (`stud_number`,`reg_date`,  `lecture_id` ) VALUES (210861479, '2020-01-14' ,78);
 INSERT INTO `lecture_student` (`stud_number`,`reg_date`,  `lecture_id` ) VALUES (210861479, '2020-01-14' ,77);
 INSERT INTO `lecture_student` (`stud_number`,`reg_date`,  `lecture_id` ) VALUES (210861479, '2020-01-14' ,80);
 INSERT INTO `lecture_student` (`stud_number`,`reg_date`,  `lecture_id` ) VALUES (210861479, '2020-01-14', 65);
 INSERT INTO `lecture_student` (`stud_number`,`reg_date`,  `lecture_id` ) VALUES (210861479, '2020-01-14' ,64);
 INSERT INTO `lecture_student` (`stud_number`,`reg_date`,  `lecture_id` ) VALUES (210861479, '2020-01-14' ,11);
 INSERT INTO `student_course_registation` ( `stud_number`, `course_id` ) VALUES (210512020, 1);
 INSERT INTO `lecture_student` (`stud_number`,`reg_date`,  `lecture_id` ) VALUES (210512020, '2020-01-14', 81);
 INSERT INTO `lecture_student` (`stud_number`,`reg_date`,  `lecture_id` ) VALUES (210512020, '2020-01-14' ,79);
 INSERT INTO `lecture_student` (`stud_number`,`reg_date`,  `lecture_id` ) VALUES (210512020, '2020-01-14' ,78);
 INSERT INTO `lecture_student` (`stud_number`,`reg_date`,  `lecture_id` ) VALUES (210512020, '2020-01-14' ,77);
 INSERT INTO `lecture_student` (`stud_number`,`reg_date`,  `lecture_id` ) VALUES (210512020, '2020-01-14' ,80);
 INSERT INTO `lecture_student` (`stud_number`,`reg_date`,  `lecture_id` ) VALUES (210512020, '2020-01-14', 65);
 INSERT INTO `lecture_student` (`stud_number`,`reg_date`,  `lecture_id` ) VALUES (210512020, '2020-01-14' ,64);
 INSERT INTO `lecture_student` (`stud_number`,`reg_date`,  `lecture_id` ) VALUES (210512020, '2020-01-14' ,11);
 INSERT INTO `student_course_registation` ( `stud_number`, `course_id` ) VALUES (210783501, 1);
 INSERT INTO `lecture_student` (`stud_number`,`reg_date`,  `lecture_id` ) VALUES (210783501, '2020-01-14', 81);
 INSERT INTO `lecture_student` (`stud_number`,`reg_date`,  `lecture_id` ) VALUES (210783501, '2020-01-14' ,78);
 INSERT INTO `lecture_student` (`stud_number`,`reg_date`,  `lecture_id` ) VALUES (210783501, '2020-01-14' ,77);
 INSERT INTO `lecture_student` (`stud_number`,`reg_date`,  `lecture_id` ) VALUES (210783501, '2020-01-14' ,80);
 INSERT INTO `lecture_student` (`stud_number`,`reg_date`,  `lecture_id` ) VALUES (210783501, '2020-01-14', 65);
 INSERT INTO `lecture_student` (`stud_number`,`reg_date`,  `lecture_id` ) VALUES (210783501, '2020-01-14' ,11);
 INSERT INTO `student_course_registation` ( `stud_number`, `course_id` ) VALUES (210949055, 1);
 INSERT INTO `lecture_student` (`stud_number`,`reg_date`,  `lecture_id` ) VALUES (210949055, '2020-01-14', 81);
 INSERT INTO `lecture_student` (`stud_number`,`reg_date`,  `lecture_id` ) VALUES (210949055, '2020-01-14' ,79);
 INSERT INTO `lecture_student` (`stud_number`,`reg_date`,  `lecture_id` ) VALUES (210949055, '2020-01-14' ,77);
 INSERT INTO `lecture_student` (`stud_number`,`reg_date`,  `lecture_id` ) VALUES (210949055, '2020-01-14' ,80);
 INSERT INTO `lecture_student` (`stud_number`,`reg_date`,  `lecture_id` ) VALUES (210949055, '2020-01-14', 65);
 INSERT INTO `lecture_student` (`stud_number`,`reg_date`,  `lecture_id` ) VALUES (210949055, '2020-01-14' ,64);
 INSERT INTO `lecture_student` (`stud_number`,`reg_date`,  `lecture_id` ) VALUES (210949055, '2020-01-14' ,11);
 INSERT INTO `student_course_registation` ( `stud_number`, `course_id` ) VALUES (210793519, 1);
 INSERT INTO `lecture_student` (`stud_number`,`reg_date`,  `lecture_id` ) VALUES (210793519, '2020-01-14', 81);
 INSERT INTO `lecture_student` (`stud_number`,`reg_date`,  `lecture_id` ) VALUES (210793519, '2020-01-14' ,79);
 INSERT INTO `lecture_student` (`stud_number`,`reg_date`,  `lecture_id` ) VALUES (210793519, '2020-01-14' ,77);
 INSERT INTO `lecture_student` (`stud_number`,`reg_date`,  `lecture_id` ) VALUES (210793519, '2020-01-14', 65);
 INSERT INTO `lecture_student` (`stud_number`,`reg_date`,  `lecture_id` ) VALUES (210793519, '2020-01-14' ,64);
 INSERT INTO `lecture_student` (`stud_number`,`reg_date`,  `lecture_id` ) VALUES (210793519, '2020-01-14' ,11);
 INSERT INTO `student_course_registation` ( `stud_number`, `course_id` ) VALUES (210690971, 1);
 INSERT INTO `lecture_student` (`stud_number`,`reg_date`,  `lecture_id` ) VALUES (210690971, '2020-01-14', 81);
 INSERT INTO `lecture_student` (`stud_number`,`reg_date`,  `lecture_id` ) VALUES (210690971, '2020-01-14' ,79);
 INSERT INTO `lecture_student` (`stud_number`,`reg_date`,  `lecture_id` ) VALUES (210690971, '2020-01-14' ,77);
 INSERT INTO `lecture_student` (`stud_number`,`reg_date`,  `lecture_id` ) VALUES (210690971, '2020-01-14' ,80);
 INSERT INTO `lecture_student` (`stud_number`,`reg_date`,  `lecture_id` ) VALUES (210690971, '2020-01-14', 65);
 INSERT INTO `lecture_student` (`stud_number`,`reg_date`,  `lecture_id` ) VALUES (210690971, '2020-01-14' ,11);
 INSERT INTO `student_course_registation` ( `stud_number`, `course_id` ) VALUES (210321272, 1);
 INSERT INTO `lecture_student` (`stud_number`,`reg_date`,  `lecture_id` ) VALUES (210321272, '2020-01-14', 81);
 INSERT INTO `lecture_student` (`stud_number`,`reg_date`,  `lecture_id` ) VALUES (210321272, '2020-01-14' ,78);
 INSERT INTO `lecture_student` (`stud_number`,`reg_date`,  `lecture_id` ) VALUES (210321272, '2020-01-14' ,77);
 INSERT INTO `lecture_student` (`stud_number`,`reg_date`,  `lecture_id` ) VALUES (210321272, '2020-01-14' ,80);
 INSERT INTO `lecture_student` (`stud_number`,`reg_date`,  `lecture_id` ) VALUES (210321272, '2020-01-14', 65);
 INSERT INTO `lecture_student` (`stud_number`,`reg_date`,  `lecture_id` ) VALUES (210321272, '2020-01-14' ,64);
 INSERT INTO `lecture_student` (`stud_number`,`reg_date`,  `lecture_id` ) VALUES (210321272, '2020-01-14' ,11);
 INSERT INTO `student_course_registation` ( `stud_number`, `course_id` ) VALUES (210955246, 1);
 INSERT INTO `lecture_student` (`stud_number`,`reg_date`,  `lecture_id` ) VALUES (210955246, '2020-01-14', 81);
 INSERT INTO `lecture_student` (`stud_number`,`reg_date`,  `lecture_id` ) VALUES (210955246, '2020-01-14' ,79);
 INSERT INTO `lecture_student` (`stud_number`,`reg_date`,  `lecture_id` ) VALUES (210955246, '2020-01-14' ,77);
 INSERT INTO `lecture_student` (`stud_number`,`reg_date`,  `lecture_id` ) VALUES (210955246, '2020-01-14', 65);
 INSERT INTO `lecture_student` (`stud_number`,`reg_date`,  `lecture_id` ) VALUES (210955246, '2020-01-14' ,64);
 INSERT INTO `lecture_student` (`stud_number`,`reg_date`,  `lecture_id` ) VALUES (210955246, '2020-01-14' ,11);
 INSERT INTO `student_course_registation` ( `stud_number`, `course_id` ) VALUES (210904229, 1);
 INSERT INTO `lecture_student` (`stud_number`,`reg_date`,  `lecture_id` ) VALUES (210904229, '2020-01-14', 81);
 INSERT INTO `lecture_student` (`stud_number`,`reg_date`,  `lecture_id` ) VALUES (210904229, '2020-01-14' ,78);
 INSERT INTO `lecture_student` (`stud_number`,`reg_date`,  `lecture_id` ) VALUES (210904229, '2020-01-14' ,77);
 INSERT INTO `lecture_student` (`stud_number`,`reg_date`,  `lecture_id` ) VALUES (210904229, '2020-01-14' ,80);
 INSERT INTO `lecture_student` (`stud_number`,`reg_date`,  `lecture_id` ) VALUES (210904229, '2020-01-14', 65);
 INSERT INTO `lecture_student` (`stud_number`,`reg_date`,  `lecture_id` ) VALUES (210904229, '2020-01-14' ,64);
 INSERT INTO `lecture_student` (`stud_number`,`reg_date`,  `lecture_id` ) VALUES (210904229, '2020-01-14' ,11);
 INSERT INTO `student_course_registation` ( `stud_number`, `course_id` ) VALUES (210583901, 1);
 INSERT INTO `lecture_student` (`stud_number`,`reg_date`,  `lecture_id` ) VALUES (210583901, '2020-01-14', 81);
 INSERT INTO `lecture_student` (`stud_number`,`reg_date`,  `lecture_id` ) VALUES (210583901, '2020-01-14' ,79);
 INSERT INTO `lecture_student` (`stud_number`,`reg_date`,  `lecture_id` ) VALUES (210583901, '2020-01-14' ,77);
 INSERT INTO `lecture_student` (`stud_number`,`reg_date`,  `lecture_id` ) VALUES (210583901, '2020-01-14' ,80);
 INSERT INTO `lecture_student` (`stud_number`,`reg_date`,  `lecture_id` ) VALUES (210583901, '2020-01-14', 65);
 INSERT INTO `lecture_student` (`stud_number`,`reg_date`,  `lecture_id` ) VALUES (210583901, '2020-01-14' ,64);
 INSERT INTO `lecture_student` (`stud_number`,`reg_date`,  `lecture_id` ) VALUES (210583901, '2020-01-14' ,11);
 INSERT INTO `student_course_registation` ( `stud_number`, `course_id` ) VALUES (210977208, 1);
 INSERT INTO `lecture_student` (`stud_number`,`reg_date`,  `lecture_id` ) VALUES (210977208, '2020-01-14', 81);
 INSERT INTO `lecture_student` (`stud_number`,`reg_date`,  `lecture_id` ) VALUES (210977208, '2020-01-14' ,78);
 INSERT INTO `lecture_student` (`stud_number`,`reg_date`,  `lecture_id` ) VALUES (210977208, '2020-01-14' ,77);
 INSERT INTO `lecture_student` (`stud_number`,`reg_date`,  `lecture_id` ) VALUES (210977208, '2020-01-14' ,80);
 INSERT INTO `lecture_student` (`stud_number`,`reg_date`,  `lecture_id` ) VALUES (210977208, '2020-01-14', 65);
 INSERT INTO `lecture_student` (`stud_number`,`reg_date`,  `lecture_id` ) VALUES (210977208, '2020-01-14' ,64);
 INSERT INTO `lecture_student` (`stud_number`,`reg_date`,  `lecture_id` ) VALUES (210977208, '2020-01-14' ,11);
 INSERT INTO `student_course_registation` ( `stud_number`, `course_id` ) VALUES (210646675, 1);
 INSERT INTO `lecture_student` (`stud_number`,`reg_date`,  `lecture_id` ) VALUES (210646675, '2020-01-14', 81);
 INSERT INTO `lecture_student` (`stud_number`,`reg_date`,  `lecture_id` ) VALUES (210646675, '2020-01-14' ,79);
 INSERT INTO `lecture_student` (`stud_number`,`reg_date`,  `lecture_id` ) VALUES (210646675, '2020-01-14' ,78);
 INSERT INTO `lecture_student` (`stud_number`,`reg_date`,  `lecture_id` ) VALUES (210646675, '2020-01-14' ,80);
 INSERT INTO `lecture_student` (`stud_number`,`reg_date`,  `lecture_id` ) VALUES (210646675, '2020-01-14', 65);
 INSERT INTO `lecture_student` (`stud_number`,`reg_date`,  `lecture_id` ) VALUES (210646675, '2020-01-14' ,64);
 INSERT INTO `lecture_student` (`stud_number`,`reg_date`,  `lecture_id` ) VALUES (210646675, '2020-01-14' ,11);
 INSERT INTO `student_course_registation` ( `stud_number`, `course_id` ) VALUES (210442062, 1);
 INSERT INTO `lecture_student` (`stud_number`,`reg_date`,  `lecture_id` ) VALUES (210442062, '2020-01-14', 81);
 INSERT INTO `lecture_student` (`stud_number`,`reg_date`,  `lecture_id` ) VALUES (210442062, '2020-01-14' ,77);
 INSERT INTO `lecture_student` (`stud_number`,`reg_date`,  `lecture_id` ) VALUES (210442062, '2020-01-14' ,80);
 INSERT INTO `lecture_student` (`stud_number`,`reg_date`,  `lecture_id` ) VALUES (210442062, '2020-01-14', 65);
 INSERT INTO `lecture_student` (`stud_number`,`reg_date`,  `lecture_id` ) VALUES (210442062, '2020-01-14' ,64);
 INSERT INTO `lecture_student` (`stud_number`,`reg_date`,  `lecture_id` ) VALUES (210442062, '2020-01-14' ,11);
 INSERT INTO `student_course_registation` ( `stud_number`, `course_id` ) VALUES (210899226, 1);
 INSERT INTO `lecture_student` (`stud_number`,`reg_date`,  `lecture_id` ) VALUES (210899226, '2020-01-14', 81);
 INSERT INTO `lecture_student` (`stud_number`,`reg_date`,  `lecture_id` ) VALUES (210899226, '2020-01-14' ,79);
 INSERT INTO `lecture_student` (`stud_number`,`reg_date`,  `lecture_id` ) VALUES (210899226, '2020-01-14' ,77);
 INSERT INTO `lecture_student` (`stud_number`,`reg_date`,  `lecture_id` ) VALUES (210899226, '2020-01-14' ,80);
 INSERT INTO `lecture_student` (`stud_number`,`reg_date`,  `lecture_id` ) VALUES (210899226, '2020-01-14', 65);
 INSERT INTO `lecture_student` (`stud_number`,`reg_date`,  `lecture_id` ) VALUES (210899226, '2020-01-14' ,64);
 INSERT INTO `lecture_student` (`stud_number`,`reg_date`,  `lecture_id` ) VALUES (210899226, '2020-01-14' ,11);
 INSERT INTO `student_course_registation` ( `stud_number`, `course_id` ) VALUES (210483257, 1);
 INSERT INTO `lecture_student` (`stud_number`,`reg_date`,  `lecture_id` ) VALUES (210483257, '2020-01-14', 81);
 INSERT INTO `lecture_student` (`stud_number`,`reg_date`,  `lecture_id` ) VALUES (210483257, '2020-01-14' ,77);
 INSERT INTO `lecture_student` (`stud_number`,`reg_date`,  `lecture_id` ) VALUES (210483257, '2020-01-14', 65);
 INSERT INTO `lecture_student` (`stud_number`,`reg_date`,  `lecture_id` ) VALUES (210483257, '2020-01-14' ,64);
 INSERT INTO `lecture_student` (`stud_number`,`reg_date`,  `lecture_id` ) VALUES (210483257, '2020-01-14' ,11);
 INSERT INTO `student_course_registation` ( `stud_number`, `course_id` ) VALUES (210935710, 1);
 INSERT INTO `lecture_student` (`stud_number`,`reg_date`,  `lecture_id` ) VALUES (210935710, '2020-01-14', 81);
 INSERT INTO `lecture_student` (`stud_number`,`reg_date`,  `lecture_id` ) VALUES (210935710, '2020-01-14' ,78);
 INSERT INTO `lecture_student` (`stud_number`,`reg_date`,  `lecture_id` ) VALUES (210935710, '2020-01-14' ,77);
 INSERT INTO `lecture_student` (`stud_number`,`reg_date`,  `lecture_id` ) VALUES (210935710, '2020-01-14' ,80);
 INSERT INTO `lecture_student` (`stud_number`,`reg_date`,  `lecture_id` ) VALUES (210935710, '2020-01-14', 65);
 INSERT INTO `lecture_student` (`stud_number`,`reg_date`,  `lecture_id` ) VALUES (210935710, '2020-01-14' ,64);
 INSERT INTO `lecture_student` (`stud_number`,`reg_date`,  `lecture_id` ) VALUES (210935710, '2020-01-14' ,11);
 INSERT INTO `student_course_registation` ( `stud_number`, `course_id` ) VALUES (210412391, 1);
 INSERT INTO `lecture_student` (`stud_number`,`reg_date`,  `lecture_id` ) VALUES (210412391, '2020-01-14', 81);
 INSERT INTO `lecture_student` (`stud_number`,`reg_date`,  `lecture_id` ) VALUES (210412391, '2020-01-14' ,78);
 INSERT INTO `lecture_student` (`stud_number`,`reg_date`,  `lecture_id` ) VALUES (210412391, '2020-01-14' ,77);
 INSERT INTO `lecture_student` (`stud_number`,`reg_date`,  `lecture_id` ) VALUES (210412391, '2020-01-14' ,80);
 INSERT INTO `lecture_student` (`stud_number`,`reg_date`,  `lecture_id` ) VALUES (210412391, '2020-01-14', 65);
 INSERT INTO `lecture_student` (`stud_number`,`reg_date`,  `lecture_id` ) VALUES (210412391, '2020-01-14' ,11);
 INSERT INTO `student_course_registation` ( `stud_number`, `course_id` ) VALUES (210215048, 1);
 INSERT INTO `lecture_student` (`stud_number`,`reg_date`,  `lecture_id` ) VALUES (210215048, '2020-01-14', 81);
 INSERT INTO `lecture_student` (`stud_number`,`reg_date`,  `lecture_id` ) VALUES (210215048, '2020-01-14' ,79);
 INSERT INTO `lecture_student` (`stud_number`,`reg_date`,  `lecture_id` ) VALUES (210215048, '2020-01-14' ,78);
 INSERT INTO `lecture_student` (`stud_number`,`reg_date`,  `lecture_id` ) VALUES (210215048, '2020-01-14' ,77);
 INSERT INTO `lecture_student` (`stud_number`,`reg_date`,  `lecture_id` ) VALUES (210215048, '2020-01-14' ,80);
 INSERT INTO `lecture_student` (`stud_number`,`reg_date`,  `lecture_id` ) VALUES (210215048, '2020-01-14', 65);
 INSERT INTO `lecture_student` (`stud_number`,`reg_date`,  `lecture_id` ) VALUES (210215048, '2020-01-14' ,64);
 INSERT INTO `lecture_student` (`stud_number`,`reg_date`,  `lecture_id` ) VALUES (210215048, '2020-01-14' ,11);
 INSERT INTO `student_course_registation` ( `stud_number`, `course_id` ) VALUES (210433405, 1);
 INSERT INTO `lecture_student` (`stud_number`,`reg_date`,  `lecture_id` ) VALUES (210433405, '2020-01-14', 81);
 INSERT INTO `lecture_student` (`stud_number`,`reg_date`,  `lecture_id` ) VALUES (210433405, '2020-01-14' ,77);
 INSERT INTO `lecture_student` (`stud_number`,`reg_date`,  `lecture_id` ) VALUES (210433405, '2020-01-14' ,80);
 INSERT INTO `lecture_student` (`stud_number`,`reg_date`,  `lecture_id` ) VALUES (210433405, '2020-01-14', 65);
 INSERT INTO `lecture_student` (`stud_number`,`reg_date`,  `lecture_id` ) VALUES (210433405, '2020-01-14' ,64);
 INSERT INTO `lecture_student` (`stud_number`,`reg_date`,  `lecture_id` ) VALUES (210433405, '2020-01-14' ,11);
 INSERT INTO `student_course_registation` ( `stud_number`, `course_id` ) VALUES (210499680, 1);
 INSERT INTO `lecture_student` (`stud_number`,`reg_date`,  `lecture_id` ) VALUES (210499680, '2020-01-14', 81);
 INSERT INTO `lecture_student` (`stud_number`,`reg_date`,  `lecture_id` ) VALUES (210499680, '2020-01-14' ,78);
 INSERT INTO `lecture_student` (`stud_number`,`reg_date`,  `lecture_id` ) VALUES (210499680, '2020-01-14' ,77);
 INSERT INTO `lecture_student` (`stud_number`,`reg_date`,  `lecture_id` ) VALUES (210499680, '2020-01-14' ,80);
 INSERT INTO `lecture_student` (`stud_number`,`reg_date`,  `lecture_id` ) VALUES (210499680, '2020-01-14', 65);
 INSERT INTO `lecture_student` (`stud_number`,`reg_date`,  `lecture_id` ) VALUES (210499680, '2020-01-14' ,11);
 INSERT INTO `student_course_registation` ( `stud_number`, `course_id` ) VALUES (211694230, 1);
 INSERT INTO `lecture_student` (`stud_number`,`reg_date`,  `lecture_id` ) VALUES (211694230, '2020-01-14', 81);
 INSERT INTO `lecture_student` (`stud_number`,`reg_date`,  `lecture_id` ) VALUES (211694230, '2020-01-14' ,77);
 INSERT INTO `lecture_student` (`stud_number`,`reg_date`,  `lecture_id` ) VALUES (211694230, '2020-01-14' ,80);
 INSERT INTO `lecture_student` (`stud_number`,`reg_date`,  `lecture_id` ) VALUES (211694230, '2020-01-14', 65);
 INSERT INTO `lecture_student` (`stud_number`,`reg_date`,  `lecture_id` ) VALUES (211694230, '2020-01-14' ,11);
 INSERT INTO `student_course_registation` ( `stud_number`, `course_id` ) VALUES (211935894, 1);
 INSERT INTO `lecture_student` (`stud_number`,`reg_date`,  `lecture_id` ) VALUES (211935894, '2020-01-14' ,79);
 INSERT INTO `lecture_student` (`stud_number`,`reg_date`,  `lecture_id` ) VALUES (211935894, '2020-01-14' ,77);
 INSERT INTO `lecture_student` (`stud_number`,`reg_date`,  `lecture_id` ) VALUES (211935894, '2020-01-14' ,80);
 INSERT INTO `lecture_student` (`stud_number`,`reg_date`,  `lecture_id` ) VALUES (211935894, '2020-01-14', 65);
 INSERT INTO `lecture_student` (`stud_number`,`reg_date`,  `lecture_id` ) VALUES (211935894, '2020-01-14' ,64);
 INSERT INTO `lecture_student` (`stud_number`,`reg_date`,  `lecture_id` ) VALUES (211935894, '2020-01-14' ,11);
 INSERT INTO `student_course_registation` ( `stud_number`, `course_id` ) VALUES (211188430, 1);
 INSERT INTO `lecture_student` (`stud_number`,`reg_date`,  `lecture_id` ) VALUES (211188430, '2020-01-14', 81);
 INSERT INTO `lecture_student` (`stud_number`,`reg_date`,  `lecture_id` ) VALUES (211188430, '2020-01-14' ,79);
 INSERT INTO `lecture_student` (`stud_number`,`reg_date`,  `lecture_id` ) VALUES (211188430, '2020-01-14' ,80);
 INSERT INTO `lecture_student` (`stud_number`,`reg_date`,  `lecture_id` ) VALUES (211188430, '2020-01-14', 65);
 INSERT INTO `lecture_student` (`stud_number`,`reg_date`,  `lecture_id` ) VALUES (211188430, '2020-01-14' ,64);
 INSERT INTO `lecture_student` (`stud_number`,`reg_date`,  `lecture_id` ) VALUES (211188430, '2020-01-14' ,11);
 INSERT INTO `student_course_registation` ( `stud_number`, `course_id` ) VALUES (211182774, 1);
 INSERT INTO `lecture_student` (`stud_number`,`reg_date`,  `lecture_id` ) VALUES (211182774, '2020-01-14', 81);
 INSERT INTO `lecture_student` (`stud_number`,`reg_date`,  `lecture_id` ) VALUES (211182774, '2020-01-14' ,77);
 INSERT INTO `lecture_student` (`stud_number`,`reg_date`,  `lecture_id` ) VALUES (211182774, '2020-01-14', 65);
 INSERT INTO `lecture_student` (`stud_number`,`reg_date`,  `lecture_id` ) VALUES (211182774, '2020-01-14' ,64);
 INSERT INTO `lecture_student` (`stud_number`,`reg_date`,  `lecture_id` ) VALUES (211182774, '2020-01-14' ,11);
 INSERT INTO `student_course_registation` ( `stud_number`, `course_id` ) VALUES (211178305, 1);
 INSERT INTO `lecture_student` (`stud_number`,`reg_date`,  `lecture_id` ) VALUES (211178305, '2020-01-14', 81);
 INSERT INTO `lecture_student` (`stud_number`,`reg_date`,  `lecture_id` ) VALUES (211178305, '2020-01-14' ,79);
 INSERT INTO `lecture_student` (`stud_number`,`reg_date`,  `lecture_id` ) VALUES (211178305, '2020-01-14' ,78);
 INSERT INTO `lecture_student` (`stud_number`,`reg_date`,  `lecture_id` ) VALUES (211178305, '2020-01-14' ,77);
 INSERT INTO `lecture_student` (`stud_number`,`reg_date`,  `lecture_id` ) VALUES (211178305, '2020-01-14' ,80);
 INSERT INTO `lecture_student` (`stud_number`,`reg_date`,  `lecture_id` ) VALUES (211178305, '2020-01-14', 65);
 INSERT INTO `lecture_student` (`stud_number`,`reg_date`,  `lecture_id` ) VALUES (211178305, '2020-01-14' ,11);
 INSERT INTO `student_course_registation` ( `stud_number`, `course_id` ) VALUES (211194964, 1);
 INSERT INTO `lecture_student` (`stud_number`,`reg_date`,  `lecture_id` ) VALUES (211194964, '2020-01-14', 81);
 INSERT INTO `lecture_student` (`stud_number`,`reg_date`,  `lecture_id` ) VALUES (211194964, '2020-01-14' ,79);
 INSERT INTO `lecture_student` (`stud_number`,`reg_date`,  `lecture_id` ) VALUES (211194964, '2020-01-14' ,77);
 INSERT INTO `lecture_student` (`stud_number`,`reg_date`,  `lecture_id` ) VALUES (211194964, '2020-01-14', 65);
 INSERT INTO `lecture_student` (`stud_number`,`reg_date`,  `lecture_id` ) VALUES (211194964, '2020-01-14' ,64);
 INSERT INTO `lecture_student` (`stud_number`,`reg_date`,  `lecture_id` ) VALUES (211194964, '2020-01-14' ,11);
 INSERT INTO `student_course_registation` ( `stud_number`, `course_id` ) VALUES (211306398, 1);
 INSERT INTO `lecture_student` (`stud_number`,`reg_date`,  `lecture_id` ) VALUES (211306398, '2020-01-14', 81);
 INSERT INTO `lecture_student` (`stud_number`,`reg_date`,  `lecture_id` ) VALUES (211306398, '2020-01-14' ,64);
 INSERT INTO `lecture_student` (`stud_number`,`reg_date`,  `lecture_id` ) VALUES (211306398, '2020-01-14' ,11);
 INSERT INTO `student_course_registation` ( `stud_number`, `course_id` ) VALUES (211973485, 1);
 INSERT INTO `lecture_student` (`stud_number`,`reg_date`,  `lecture_id` ) VALUES (211973485, '2020-01-14', 81);
 INSERT INTO `lecture_student` (`stud_number`,`reg_date`,  `lecture_id` ) VALUES (211973485, '2020-01-14' ,79);
 INSERT INTO `lecture_student` (`stud_number`,`reg_date`,  `lecture_id` ) VALUES (211973485, '2020-01-14' ,77);
 INSERT INTO `lecture_student` (`stud_number`,`reg_date`,  `lecture_id` ) VALUES (211973485, '2020-01-14' ,80);
 INSERT INTO `lecture_student` (`stud_number`,`reg_date`,  `lecture_id` ) VALUES (211973485, '2020-01-14', 65);
 INSERT INTO `lecture_student` (`stud_number`,`reg_date`,  `lecture_id` ) VALUES (211973485, '2020-01-14' ,64);
 INSERT INTO `lecture_student` (`stud_number`,`reg_date`,  `lecture_id` ) VALUES (211973485, '2020-01-14' ,11);
 INSERT INTO `student_course_registation` ( `stud_number`, `course_id` ) VALUES (211476324, 1);
 INSERT INTO `lecture_student` (`stud_number`,`reg_date`,  `lecture_id` ) VALUES (211476324, '2020-01-14' ,79);
 INSERT INTO `lecture_student` (`stud_number`,`reg_date`,  `lecture_id` ) VALUES (211476324, '2020-01-14' ,77);
 INSERT INTO `lecture_student` (`stud_number`,`reg_date`,  `lecture_id` ) VALUES (211476324, '2020-01-14' ,80);
 INSERT INTO `lecture_student` (`stud_number`,`reg_date`,  `lecture_id` ) VALUES (211476324, '2020-01-14', 65);
 INSERT INTO `lecture_student` (`stud_number`,`reg_date`,  `lecture_id` ) VALUES (211476324, '2020-01-14' ,64);
 INSERT INTO `lecture_student` (`stud_number`,`reg_date`,  `lecture_id` ) VALUES (211476324, '2020-01-14' ,11);
 INSERT INTO `student_course_registation` ( `stud_number`, `course_id` ) VALUES (211661999, 1);
 INSERT INTO `lecture_student` (`stud_number`,`reg_date`,  `lecture_id` ) VALUES (211661999, '2020-01-14', 81);
 INSERT INTO `lecture_student` (`stud_number`,`reg_date`,  `lecture_id` ) VALUES (211661999, '2020-01-14' ,79);
 INSERT INTO `lecture_student` (`stud_number`,`reg_date`,  `lecture_id` ) VALUES (211661999, '2020-01-14' ,78);
 INSERT INTO `lecture_student` (`stud_number`,`reg_date`,  `lecture_id` ) VALUES (211661999, '2020-01-14' ,77);
 INSERT INTO `lecture_student` (`stud_number`,`reg_date`,  `lecture_id` ) VALUES (211661999, '2020-01-14' ,80);
 INSERT INTO `lecture_student` (`stud_number`,`reg_date`,  `lecture_id` ) VALUES (211661999, '2020-01-14', 65);
 INSERT INTO `lecture_student` (`stud_number`,`reg_date`,  `lecture_id` ) VALUES (211661999, '2020-01-14' ,64);
 INSERT INTO `lecture_student` (`stud_number`,`reg_date`,  `lecture_id` ) VALUES (211661999, '2020-01-14' ,11);
 INSERT INTO `student_course_registation` ( `stud_number`, `course_id` ) VALUES (211879681, 1);
 INSERT INTO `lecture_student` (`stud_number`,`reg_date`,  `lecture_id` ) VALUES (211879681, '2020-01-14', 81);
 INSERT INTO `lecture_student` (`stud_number`,`reg_date`,  `lecture_id` ) VALUES (211879681, '2020-01-14' ,79);
 INSERT INTO `lecture_student` (`stud_number`,`reg_date`,  `lecture_id` ) VALUES (211879681, '2020-01-14' ,77);
 INSERT INTO `lecture_student` (`stud_number`,`reg_date`,  `lecture_id` ) VALUES (211879681, '2020-01-14' ,80);
 INSERT INTO `lecture_student` (`stud_number`,`reg_date`,  `lecture_id` ) VALUES (211879681, '2020-01-14', 65);
 INSERT INTO `lecture_student` (`stud_number`,`reg_date`,  `lecture_id` ) VALUES (211879681, '2020-01-14' ,64);
 INSERT INTO `lecture_student` (`stud_number`,`reg_date`,  `lecture_id` ) VALUES (211879681, '2020-01-14' ,11);
 INSERT INTO `student_course_registation` ( `stud_number`, `course_id` ) VALUES (211603372, 1);
 INSERT INTO `lecture_student` (`stud_number`,`reg_date`,  `lecture_id` ) VALUES (211603372, '2020-01-14', 81);
 INSERT INTO `lecture_student` (`stud_number`,`reg_date`,  `lecture_id` ) VALUES (211603372, '2020-01-14' ,79);
 INSERT INTO `lecture_student` (`stud_number`,`reg_date`,  `lecture_id` ) VALUES (211603372, '2020-01-14' ,77);
 INSERT INTO `lecture_student` (`stud_number`,`reg_date`,  `lecture_id` ) VALUES (211603372, '2020-01-14' ,80);
 INSERT INTO `lecture_student` (`stud_number`,`reg_date`,  `lecture_id` ) VALUES (211603372, '2020-01-14', 65);
 INSERT INTO `lecture_student` (`stud_number`,`reg_date`,  `lecture_id` ) VALUES (211603372, '2020-01-14' ,11);
 INSERT INTO `student_course_registation` ( `stud_number`, `course_id` ) VALUES (211970079, 1);
 INSERT INTO `lecture_student` (`stud_number`,`reg_date`,  `lecture_id` ) VALUES (211970079, '2020-01-14', 81);
 INSERT INTO `lecture_student` (`stud_number`,`reg_date`,  `lecture_id` ) VALUES (211970079, '2020-01-14' ,79);
 INSERT INTO `lecture_student` (`stud_number`,`reg_date`,  `lecture_id` ) VALUES (211970079, '2020-01-14' ,78);
 INSERT INTO `lecture_student` (`stud_number`,`reg_date`,  `lecture_id` ) VALUES (211970079, '2020-01-14' ,77);
 INSERT INTO `lecture_student` (`stud_number`,`reg_date`,  `lecture_id` ) VALUES (211970079, '2020-01-14' ,80);
 INSERT INTO `lecture_student` (`stud_number`,`reg_date`,  `lecture_id` ) VALUES (211970079, '2020-01-14', 65);
 INSERT INTO `lecture_student` (`stud_number`,`reg_date`,  `lecture_id` ) VALUES (211970079, '2020-01-14' ,64);
 INSERT INTO `lecture_student` (`stud_number`,`reg_date`,  `lecture_id` ) VALUES (211970079, '2020-01-14' ,11);
 INSERT INTO `student_course_registation` ( `stud_number`, `course_id` ) VALUES (211596753, 1);
 INSERT INTO `lecture_student` (`stud_number`,`reg_date`,  `lecture_id` ) VALUES (211596753, '2020-01-14', 81);
 INSERT INTO `lecture_student` (`stud_number`,`reg_date`,  `lecture_id` ) VALUES (211596753, '2020-01-14' ,79);
 INSERT INTO `lecture_student` (`stud_number`,`reg_date`,  `lecture_id` ) VALUES (211596753, '2020-01-14' ,77);
 INSERT INTO `lecture_student` (`stud_number`,`reg_date`,  `lecture_id` ) VALUES (211596753, '2020-01-14' ,80);
 INSERT INTO `lecture_student` (`stud_number`,`reg_date`,  `lecture_id` ) VALUES (211596753, '2020-01-14', 65);
 INSERT INTO `lecture_student` (`stud_number`,`reg_date`,  `lecture_id` ) VALUES (211596753, '2020-01-14' ,64);
 INSERT INTO `lecture_student` (`stud_number`,`reg_date`,  `lecture_id` ) VALUES (211596753, '2020-01-14' ,11);
 INSERT INTO `student_course_registation` ( `stud_number`, `course_id` ) VALUES (211957346, 1);
 INSERT INTO `lecture_student` (`stud_number`,`reg_date`,  `lecture_id` ) VALUES (211957346, '2020-01-14', 81);
 INSERT INTO `lecture_student` (`stud_number`,`reg_date`,  `lecture_id` ) VALUES (211957346, '2020-01-14' ,79);
 INSERT INTO `lecture_student` (`stud_number`,`reg_date`,  `lecture_id` ) VALUES (211957346, '2020-01-14' ,77);
 INSERT INTO `lecture_student` (`stud_number`,`reg_date`,  `lecture_id` ) VALUES (211957346, '2020-01-14' ,80);
 INSERT INTO `lecture_student` (`stud_number`,`reg_date`,  `lecture_id` ) VALUES (211957346, '2020-01-14' ,64);
 INSERT INTO `lecture_student` (`stud_number`,`reg_date`,  `lecture_id` ) VALUES (211957346, '2020-01-14' ,11);
 INSERT INTO `student_course_registation` ( `stud_number`, `course_id` ) VALUES (211181986, 1);
 INSERT INTO `lecture_student` (`stud_number`,`reg_date`,  `lecture_id` ) VALUES (211181986, '2020-01-14', 81);
 INSERT INTO `lecture_student` (`stud_number`,`reg_date`,  `lecture_id` ) VALUES (211181986, '2020-01-14' ,79);
 INSERT INTO `lecture_student` (`stud_number`,`reg_date`,  `lecture_id` ) VALUES (211181986, '2020-01-14' ,78);
 INSERT INTO `lecture_student` (`stud_number`,`reg_date`,  `lecture_id` ) VALUES (211181986, '2020-01-14' ,77);
 INSERT INTO `lecture_student` (`stud_number`,`reg_date`,  `lecture_id` ) VALUES (211181986, '2020-01-14' ,80);
 INSERT INTO `lecture_student` (`stud_number`,`reg_date`,  `lecture_id` ) VALUES (211181986, '2020-01-14', 65);
 INSERT INTO `lecture_student` (`stud_number`,`reg_date`,  `lecture_id` ) VALUES (211181986, '2020-01-14' ,64);
 INSERT INTO `lecture_student` (`stud_number`,`reg_date`,  `lecture_id` ) VALUES (211181986, '2020-01-14' ,11);
 INSERT INTO `student_course_registation` ( `stud_number`, `course_id` ) VALUES (211451025, 1);
 INSERT INTO `lecture_student` (`stud_number`,`reg_date`,  `lecture_id` ) VALUES (211451025, '2020-01-14', 81);
 INSERT INTO `lecture_student` (`stud_number`,`reg_date`,  `lecture_id` ) VALUES (211451025, '2020-01-14' ,79);
 INSERT INTO `lecture_student` (`stud_number`,`reg_date`,  `lecture_id` ) VALUES (211451025, '2020-01-14' ,78);
 INSERT INTO `lecture_student` (`stud_number`,`reg_date`,  `lecture_id` ) VALUES (211451025, '2020-01-14' ,77);
 INSERT INTO `lecture_student` (`stud_number`,`reg_date`,  `lecture_id` ) VALUES (211451025, '2020-01-14' ,80);
 INSERT INTO `lecture_student` (`stud_number`,`reg_date`,  `lecture_id` ) VALUES (211451025, '2020-01-14', 65);
 INSERT INTO `lecture_student` (`stud_number`,`reg_date`,  `lecture_id` ) VALUES (211451025, '2020-01-14' ,64);
 INSERT INTO `lecture_student` (`stud_number`,`reg_date`,  `lecture_id` ) VALUES (211451025, '2020-01-14' ,11);
 INSERT INTO `student_course_registation` ( `stud_number`, `course_id` ) VALUES (211143179, 1);
 INSERT INTO `lecture_student` (`stud_number`,`reg_date`,  `lecture_id` ) VALUES (211143179, '2020-01-14' ,78);
 INSERT INTO `lecture_student` (`stud_number`,`reg_date`,  `lecture_id` ) VALUES (211143179, '2020-01-14' ,77);
 INSERT INTO `lecture_student` (`stud_number`,`reg_date`,  `lecture_id` ) VALUES (211143179, '2020-01-14' ,80);
 INSERT INTO `lecture_student` (`stud_number`,`reg_date`,  `lecture_id` ) VALUES (211143179, '2020-01-14', 65);
 INSERT INTO `lecture_student` (`stud_number`,`reg_date`,  `lecture_id` ) VALUES (211143179, '2020-01-14' ,11);
 INSERT INTO `student_course_registation` ( `stud_number`, `course_id` ) VALUES (211717863, 1);
 INSERT INTO `lecture_student` (`stud_number`,`reg_date`,  `lecture_id` ) VALUES (211717863, '2020-01-14', 81);
 INSERT INTO `lecture_student` (`stud_number`,`reg_date`,  `lecture_id` ) VALUES (211717863, '2020-01-14' ,78);
 INSERT INTO `lecture_student` (`stud_number`,`reg_date`,  `lecture_id` ) VALUES (211717863, '2020-01-14' ,80);
 INSERT INTO `lecture_student` (`stud_number`,`reg_date`,  `lecture_id` ) VALUES (211717863, '2020-01-14', 65);
 INSERT INTO `lecture_student` (`stud_number`,`reg_date`,  `lecture_id` ) VALUES (211717863, '2020-01-14' ,64);
 INSERT INTO `lecture_student` (`stud_number`,`reg_date`,  `lecture_id` ) VALUES (211717863, '2020-01-14' ,11);
 INSERT INTO `student_course_registation` ( `stud_number`, `course_id` ) VALUES (211521757, 1);
 INSERT INTO `lecture_student` (`stud_number`,`reg_date`,  `lecture_id` ) VALUES (211521757, '2020-01-14', 81);
 INSERT INTO `lecture_student` (`stud_number`,`reg_date`,  `lecture_id` ) VALUES (211521757, '2020-01-14' ,79);
 INSERT INTO `lecture_student` (`stud_number`,`reg_date`,  `lecture_id` ) VALUES (211521757, '2020-01-14' ,77);
 INSERT INTO `lecture_student` (`stud_number`,`reg_date`,  `lecture_id` ) VALUES (211521757, '2020-01-14' ,80);
 INSERT INTO `lecture_student` (`stud_number`,`reg_date`,  `lecture_id` ) VALUES (211521757, '2020-01-14', 65);
 INSERT INTO `lecture_student` (`stud_number`,`reg_date`,  `lecture_id` ) VALUES (211521757, '2020-01-14' ,64);
 INSERT INTO `lecture_student` (`stud_number`,`reg_date`,  `lecture_id` ) VALUES (211521757, '2020-01-14' ,11);
 INSERT INTO `student_course_registation` ( `stud_number`, `course_id` ) VALUES (211766581, 1);
 INSERT INTO `lecture_student` (`stud_number`,`reg_date`,  `lecture_id` ) VALUES (211766581, '2020-01-14' ,79);
 INSERT INTO `lecture_student` (`stud_number`,`reg_date`,  `lecture_id` ) VALUES (211766581, '2020-01-14' ,77);
 INSERT INTO `lecture_student` (`stud_number`,`reg_date`,  `lecture_id` ) VALUES (211766581, '2020-01-14', 65);
 INSERT INTO `lecture_student` (`stud_number`,`reg_date`,  `lecture_id` ) VALUES (211766581, '2020-01-14' ,64);
 INSERT INTO `lecture_student` (`stud_number`,`reg_date`,  `lecture_id` ) VALUES (211766581, '2020-01-14' ,11);
 INSERT INTO `student_course_registation` ( `stud_number`, `course_id` ) VALUES (211186155, 1);
 INSERT INTO `lecture_student` (`stud_number`,`reg_date`,  `lecture_id` ) VALUES (211186155, '2020-01-14', 81);
 INSERT INTO `lecture_student` (`stud_number`,`reg_date`,  `lecture_id` ) VALUES (211186155, '2020-01-14' ,77);
 INSERT INTO `lecture_student` (`stud_number`,`reg_date`,  `lecture_id` ) VALUES (211186155, '2020-01-14' ,80);
 INSERT INTO `lecture_student` (`stud_number`,`reg_date`,  `lecture_id` ) VALUES (211186155, '2020-01-14', 65);
 INSERT INTO `lecture_student` (`stud_number`,`reg_date`,  `lecture_id` ) VALUES (211186155, '2020-01-14' ,64);
 INSERT INTO `lecture_student` (`stud_number`,`reg_date`,  `lecture_id` ) VALUES (211186155, '2020-01-14' ,11);
 INSERT INTO `student_course_registation` ( `stud_number`, `course_id` ) VALUES (211866036, 1);
 INSERT INTO `lecture_student` (`stud_number`,`reg_date`,  `lecture_id` ) VALUES (211866036, '2020-01-14', 81);
 INSERT INTO `lecture_student` (`stud_number`,`reg_date`,  `lecture_id` ) VALUES (211866036, '2020-01-14' ,77);
 INSERT INTO `lecture_student` (`stud_number`,`reg_date`,  `lecture_id` ) VALUES (211866036, '2020-01-14' ,80);
 INSERT INTO `lecture_student` (`stud_number`,`reg_date`,  `lecture_id` ) VALUES (211866036, '2020-01-14', 65);
 INSERT INTO `lecture_student` (`stud_number`,`reg_date`,  `lecture_id` ) VALUES (211866036, '2020-01-14' ,11);
 INSERT INTO `student_course_registation` ( `stud_number`, `course_id` ) VALUES (211179692, 1);
 INSERT INTO `lecture_student` (`stud_number`,`reg_date`,  `lecture_id` ) VALUES (211179692, '2020-01-14', 81);
 INSERT INTO `lecture_student` (`stud_number`,`reg_date`,  `lecture_id` ) VALUES (211179692, '2020-01-14' ,77);
 INSERT INTO `lecture_student` (`stud_number`,`reg_date`,  `lecture_id` ) VALUES (211179692, '2020-01-14' ,80);
 INSERT INTO `lecture_student` (`stud_number`,`reg_date`,  `lecture_id` ) VALUES (211179692, '2020-01-14', 65);
 INSERT INTO `lecture_student` (`stud_number`,`reg_date`,  `lecture_id` ) VALUES (211179692, '2020-01-14' ,64);
 INSERT INTO `lecture_student` (`stud_number`,`reg_date`,  `lecture_id` ) VALUES (211179692, '2020-01-14' ,11);
 INSERT INTO `student_course_registation` ( `stud_number`, `course_id` ) VALUES (211157589, 1);
 INSERT INTO `lecture_student` (`stud_number`,`reg_date`,  `lecture_id` ) VALUES (211157589, '2020-01-14', 81);
 INSERT INTO `lecture_student` (`stud_number`,`reg_date`,  `lecture_id` ) VALUES (211157589, '2020-01-14' ,79);
 INSERT INTO `lecture_student` (`stud_number`,`reg_date`,  `lecture_id` ) VALUES (211157589, '2020-01-14' ,77);
 INSERT INTO `lecture_student` (`stud_number`,`reg_date`,  `lecture_id` ) VALUES (211157589, '2020-01-14' ,80);
 INSERT INTO `lecture_student` (`stud_number`,`reg_date`,  `lecture_id` ) VALUES (211157589, '2020-01-14', 65);
 INSERT INTO `lecture_student` (`stud_number`,`reg_date`,  `lecture_id` ) VALUES (211157589, '2020-01-14' ,64);
 INSERT INTO `lecture_student` (`stud_number`,`reg_date`,  `lecture_id` ) VALUES (211157589, '2020-01-14' ,11);
 INSERT INTO `student_course_registation` ( `stud_number`, `course_id` ) VALUES (211835098, 1);
 INSERT INTO `lecture_student` (`stud_number`,`reg_date`,  `lecture_id` ) VALUES (211835098, '2020-01-14', 81);
 INSERT INTO `lecture_student` (`stud_number`,`reg_date`,  `lecture_id` ) VALUES (211835098, '2020-01-14' ,79);
 INSERT INTO `lecture_student` (`stud_number`,`reg_date`,  `lecture_id` ) VALUES (211835098, '2020-01-14' ,80);
 INSERT INTO `lecture_student` (`stud_number`,`reg_date`,  `lecture_id` ) VALUES (211835098, '2020-01-14', 65);
 INSERT INTO `lecture_student` (`stud_number`,`reg_date`,  `lecture_id` ) VALUES (211835098, '2020-01-14' ,64);
 INSERT INTO `lecture_student` (`stud_number`,`reg_date`,  `lecture_id` ) VALUES (211835098, '2020-01-14' ,11);
 INSERT INTO `student_course_registation` ( `stud_number`, `course_id` ) VALUES (211746524, 1);
 INSERT INTO `lecture_student` (`stud_number`,`reg_date`,  `lecture_id` ) VALUES (211746524, '2020-01-14', 81);
 INSERT INTO `lecture_student` (`stud_number`,`reg_date`,  `lecture_id` ) VALUES (211746524, '2020-01-14' ,79);
 INSERT INTO `lecture_student` (`stud_number`,`reg_date`,  `lecture_id` ) VALUES (211746524, '2020-01-14' ,78);
 INSERT INTO `lecture_student` (`stud_number`,`reg_date`,  `lecture_id` ) VALUES (211746524, '2020-01-14' ,77);
 INSERT INTO `lecture_student` (`stud_number`,`reg_date`,  `lecture_id` ) VALUES (211746524, '2020-01-14' ,80);
 INSERT INTO `lecture_student` (`stud_number`,`reg_date`,  `lecture_id` ) VALUES (211746524, '2020-01-14', 65);
 INSERT INTO `lecture_student` (`stud_number`,`reg_date`,  `lecture_id` ) VALUES (211746524, '2020-01-14' ,11);
 INSERT INTO `student_course_registation` ( `stud_number`, `course_id` ) VALUES (211997413, 1);
 INSERT INTO `lecture_student` (`stud_number`,`reg_date`,  `lecture_id` ) VALUES (211997413, '2020-01-14', 81);
 INSERT INTO `lecture_student` (`stud_number`,`reg_date`,  `lecture_id` ) VALUES (211997413, '2020-01-14' ,80);
 INSERT INTO `lecture_student` (`stud_number`,`reg_date`,  `lecture_id` ) VALUES (211997413, '2020-01-14', 65);
 INSERT INTO `lecture_student` (`stud_number`,`reg_date`,  `lecture_id` ) VALUES (211997413, '2020-01-14' ,64);
 INSERT INTO `lecture_student` (`stud_number`,`reg_date`,  `lecture_id` ) VALUES (211997413, '2020-01-14' ,11);
 INSERT INTO `student_course_registation` ( `stud_number`, `course_id` ) VALUES (211647032, 1);
 INSERT INTO `lecture_student` (`stud_number`,`reg_date`,  `lecture_id` ) VALUES (211647032, '2020-01-14', 81);
 INSERT INTO `lecture_student` (`stud_number`,`reg_date`,  `lecture_id` ) VALUES (211647032, '2020-01-14' ,79);
 INSERT INTO `lecture_student` (`stud_number`,`reg_date`,  `lecture_id` ) VALUES (211647032, '2020-01-14' ,77);
 INSERT INTO `lecture_student` (`stud_number`,`reg_date`,  `lecture_id` ) VALUES (211647032, '2020-01-14' ,80);
 INSERT INTO `lecture_student` (`stud_number`,`reg_date`,  `lecture_id` ) VALUES (211647032, '2020-01-14', 65);
 INSERT INTO `lecture_student` (`stud_number`,`reg_date`,  `lecture_id` ) VALUES (211647032, '2020-01-14' ,64);
 INSERT INTO `lecture_student` (`stud_number`,`reg_date`,  `lecture_id` ) VALUES (211647032, '2020-01-14' ,11);
 INSERT INTO `student_course_registation` ( `stud_number`, `course_id` ) VALUES (211572153, 1);
 INSERT INTO `lecture_student` (`stud_number`,`reg_date`,  `lecture_id` ) VALUES (211572153, '2020-01-14', 81);
 INSERT INTO `lecture_student` (`stud_number`,`reg_date`,  `lecture_id` ) VALUES (211572153, '2020-01-14' ,79);
 INSERT INTO `lecture_student` (`stud_number`,`reg_date`,  `lecture_id` ) VALUES (211572153, '2020-01-14' ,77);
 INSERT INTO `lecture_student` (`stud_number`,`reg_date`,  `lecture_id` ) VALUES (211572153, '2020-01-14' ,80);
 INSERT INTO `lecture_student` (`stud_number`,`reg_date`,  `lecture_id` ) VALUES (211572153, '2020-01-14' ,64);
 INSERT INTO `lecture_student` (`stud_number`,`reg_date`,  `lecture_id` ) VALUES (211572153, '2020-01-14' ,11);
 INSERT INTO `student_course_registation` ( `stud_number`, `course_id` ) VALUES (211507251, 1);
 INSERT INTO `lecture_student` (`stud_number`,`reg_date`,  `lecture_id` ) VALUES (211507251, '2020-01-14', 81);
 INSERT INTO `lecture_student` (`stud_number`,`reg_date`,  `lecture_id` ) VALUES (211507251, '2020-01-14' ,79);
 INSERT INTO `lecture_student` (`stud_number`,`reg_date`,  `lecture_id` ) VALUES (211507251, '2020-01-14' ,78);
 INSERT INTO `lecture_student` (`stud_number`,`reg_date`,  `lecture_id` ) VALUES (211507251, '2020-01-14' ,77);
 INSERT INTO `lecture_student` (`stud_number`,`reg_date`,  `lecture_id` ) VALUES (211507251, '2020-01-14' ,80);
 INSERT INTO `lecture_student` (`stud_number`,`reg_date`,  `lecture_id` ) VALUES (211507251, '2020-01-14', 65);
 INSERT INTO `lecture_student` (`stud_number`,`reg_date`,  `lecture_id` ) VALUES (211507251, '2020-01-14' ,11);
 INSERT INTO `student_course_registation` ( `stud_number`, `course_id` ) VALUES (211268463, 1);
 INSERT INTO `lecture_student` (`stud_number`,`reg_date`,  `lecture_id` ) VALUES (211268463, '2020-01-14', 81);
 INSERT INTO `lecture_student` (`stud_number`,`reg_date`,  `lecture_id` ) VALUES (211268463, '2020-01-14' ,79);
 INSERT INTO `lecture_student` (`stud_number`,`reg_date`,  `lecture_id` ) VALUES (211268463, '2020-01-14' ,77);
 INSERT INTO `lecture_student` (`stud_number`,`reg_date`,  `lecture_id` ) VALUES (211268463, '2020-01-14' ,80);
 INSERT INTO `lecture_student` (`stud_number`,`reg_date`,  `lecture_id` ) VALUES (211268463, '2020-01-14', 65);
 INSERT INTO `lecture_student` (`stud_number`,`reg_date`,  `lecture_id` ) VALUES (211268463, '2020-01-14' ,64);
 INSERT INTO `lecture_student` (`stud_number`,`reg_date`,  `lecture_id` ) VALUES (211268463, '2020-01-14' ,11);
 INSERT INTO `student_course_registation` ( `stud_number`, `course_id` ) VALUES (211893456, 1);
 INSERT INTO `lecture_student` (`stud_number`,`reg_date`,  `lecture_id` ) VALUES (211893456, '2020-01-14', 81);
 INSERT INTO `lecture_student` (`stud_number`,`reg_date`,  `lecture_id` ) VALUES (211893456, '2020-01-14' ,79);
 INSERT INTO `lecture_student` (`stud_number`,`reg_date`,  `lecture_id` ) VALUES (211893456, '2020-01-14' ,77);
 INSERT INTO `lecture_student` (`stud_number`,`reg_date`,  `lecture_id` ) VALUES (211893456, '2020-01-14' ,80);
 INSERT INTO `lecture_student` (`stud_number`,`reg_date`,  `lecture_id` ) VALUES (211893456, '2020-01-14' ,64);
 INSERT INTO `lecture_student` (`stud_number`,`reg_date`,  `lecture_id` ) VALUES (211893456, '2020-01-14' ,11);
 INSERT INTO `student_course_registation` ( `stud_number`, `course_id` ) VALUES (211889915, 1);
 INSERT INTO `lecture_student` (`stud_number`,`reg_date`,  `lecture_id` ) VALUES (211889915, '2020-01-14' ,78);
 INSERT INTO `lecture_student` (`stud_number`,`reg_date`,  `lecture_id` ) VALUES (211889915, '2020-01-14' ,77);
 INSERT INTO `lecture_student` (`stud_number`,`reg_date`,  `lecture_id` ) VALUES (211889915, '2020-01-14' ,80);
 INSERT INTO `lecture_student` (`stud_number`,`reg_date`,  `lecture_id` ) VALUES (211889915, '2020-01-14', 65);
 INSERT INTO `lecture_student` (`stud_number`,`reg_date`,  `lecture_id` ) VALUES (211889915, '2020-01-14' ,64);
 INSERT INTO `lecture_student` (`stud_number`,`reg_date`,  `lecture_id` ) VALUES (211889915, '2020-01-14' ,11);
 INSERT INTO `student_course_registation` ( `stud_number`, `course_id` ) VALUES (211552309, 1);
 INSERT INTO `lecture_student` (`stud_number`,`reg_date`,  `lecture_id` ) VALUES (211552309, '2020-01-14', 81);
 INSERT INTO `lecture_student` (`stud_number`,`reg_date`,  `lecture_id` ) VALUES (211552309, '2020-01-14' ,77);
 INSERT INTO `lecture_student` (`stud_number`,`reg_date`,  `lecture_id` ) VALUES (211552309, '2020-01-14' ,80);
 INSERT INTO `lecture_student` (`stud_number`,`reg_date`,  `lecture_id` ) VALUES (211552309, '2020-01-14', 65);
 INSERT INTO `lecture_student` (`stud_number`,`reg_date`,  `lecture_id` ) VALUES (211552309, '2020-01-14' ,11);
 INSERT INTO `student_course_registation` ( `stud_number`, `course_id` ) VALUES (211467529, 1);
 INSERT INTO `lecture_student` (`stud_number`,`reg_date`,  `lecture_id` ) VALUES (211467529, '2020-01-14', 81);
 INSERT INTO `lecture_student` (`stud_number`,`reg_date`,  `lecture_id` ) VALUES (211467529, '2020-01-14' ,79);
 INSERT INTO `lecture_student` (`stud_number`,`reg_date`,  `lecture_id` ) VALUES (211467529, '2020-01-14' ,78);
 INSERT INTO `lecture_student` (`stud_number`,`reg_date`,  `lecture_id` ) VALUES (211467529, '2020-01-14' ,77);
 INSERT INTO `lecture_student` (`stud_number`,`reg_date`,  `lecture_id` ) VALUES (211467529, '2020-01-14' ,80);
 INSERT INTO `lecture_student` (`stud_number`,`reg_date`,  `lecture_id` ) VALUES (211467529, '2020-01-14', 65);
 INSERT INTO `lecture_student` (`stud_number`,`reg_date`,  `lecture_id` ) VALUES (211467529, '2020-01-14' ,64);
 INSERT INTO `lecture_student` (`stud_number`,`reg_date`,  `lecture_id` ) VALUES (211467529, '2020-01-14' ,11);
 INSERT INTO `student_course_registation` ( `stud_number`, `course_id` ) VALUES (211422540, 1);
 INSERT INTO `lecture_student` (`stud_number`,`reg_date`,  `lecture_id` ) VALUES (211422540, '2020-01-14', 81);
 INSERT INTO `lecture_student` (`stud_number`,`reg_date`,  `lecture_id` ) VALUES (211422540, '2020-01-14' ,79);
 INSERT INTO `lecture_student` (`stud_number`,`reg_date`,  `lecture_id` ) VALUES (211422540, '2020-01-14' ,80);
 INSERT INTO `lecture_student` (`stud_number`,`reg_date`,  `lecture_id` ) VALUES (211422540, '2020-01-14', 65);
 INSERT INTO `lecture_student` (`stud_number`,`reg_date`,  `lecture_id` ) VALUES (211422540, '2020-01-14' ,64);
 INSERT INTO `lecture_student` (`stud_number`,`reg_date`,  `lecture_id` ) VALUES (211422540, '2020-01-14' ,11);
 INSERT INTO `student_course_registation` ( `stud_number`, `course_id` ) VALUES (211193194, 1);
 INSERT INTO `lecture_student` (`stud_number`,`reg_date`,  `lecture_id` ) VALUES (211193194, '2020-01-14', 81);
 INSERT INTO `lecture_student` (`stud_number`,`reg_date`,  `lecture_id` ) VALUES (211193194, '2020-01-14' ,79);
 INSERT INTO `lecture_student` (`stud_number`,`reg_date`,  `lecture_id` ) VALUES (211193194, '2020-01-14' ,77);
 INSERT INTO `lecture_student` (`stud_number`,`reg_date`,  `lecture_id` ) VALUES (211193194, '2020-01-14', 65);
 INSERT INTO `lecture_student` (`stud_number`,`reg_date`,  `lecture_id` ) VALUES (211193194, '2020-01-14' ,64);
 INSERT INTO `lecture_student` (`stud_number`,`reg_date`,  `lecture_id` ) VALUES (211193194, '2020-01-14' ,11);
 INSERT INTO `student_course_registation` ( `stud_number`, `course_id` ) VALUES (211918146, 1);
 INSERT INTO `lecture_student` (`stud_number`,`reg_date`,  `lecture_id` ) VALUES (211918146, '2020-01-14', 81);
 INSERT INTO `lecture_student` (`stud_number`,`reg_date`,  `lecture_id` ) VALUES (211918146, '2020-01-14' ,79);
 INSERT INTO `lecture_student` (`stud_number`,`reg_date`,  `lecture_id` ) VALUES (211918146, '2020-01-14' ,77);
 INSERT INTO `lecture_student` (`stud_number`,`reg_date`,  `lecture_id` ) VALUES (211918146, '2020-01-14', 65);
 INSERT INTO `lecture_student` (`stud_number`,`reg_date`,  `lecture_id` ) VALUES (211918146, '2020-01-14' ,64);
 INSERT INTO `student_course_registation` ( `stud_number`, `course_id` ) VALUES (211445496, 1);
 INSERT INTO `lecture_student` (`stud_number`,`reg_date`,  `lecture_id` ) VALUES (211445496, '2020-01-14', 81);
 INSERT INTO `lecture_student` (`stud_number`,`reg_date`,  `lecture_id` ) VALUES (211445496, '2020-01-14' ,77);
 INSERT INTO `lecture_student` (`stud_number`,`reg_date`,  `lecture_id` ) VALUES (211445496, '2020-01-14' ,80);
 INSERT INTO `student_course_registation` ( `stud_number`, `course_id` ) VALUES (211419666, 1);
 INSERT INTO `lecture_student` (`stud_number`,`reg_date`,  `lecture_id` ) VALUES (211419666, '2020-01-14', 81);
 INSERT INTO `lecture_student` (`stud_number`,`reg_date`,  `lecture_id` ) VALUES (211419666, '2020-01-14' ,79);
 INSERT INTO `lecture_student` (`stud_number`,`reg_date`,  `lecture_id` ) VALUES (211419666, '2020-01-14' ,78);
 INSERT INTO `lecture_student` (`stud_number`,`reg_date`,  `lecture_id` ) VALUES (211419666, '2020-01-14' ,77);
 INSERT INTO `lecture_student` (`stud_number`,`reg_date`,  `lecture_id` ) VALUES (211419666, '2020-01-14' ,80);
 INSERT INTO `lecture_student` (`stud_number`,`reg_date`,  `lecture_id` ) VALUES (211419666, '2020-01-14', 65);
 INSERT INTO `lecture_student` (`stud_number`,`reg_date`,  `lecture_id` ) VALUES (211419666, '2020-01-14' ,64);
 INSERT INTO `lecture_student` (`stud_number`,`reg_date`,  `lecture_id` ) VALUES (211419666, '2020-01-14' ,11);
 INSERT INTO `student_course_registation` ( `stud_number`, `course_id` ) VALUES (211319909, 1);
 INSERT INTO `lecture_student` (`stud_number`,`reg_date`,  `lecture_id` ) VALUES (211319909, '2020-01-14', 81);
 INSERT INTO `lecture_student` (`stud_number`,`reg_date`,  `lecture_id` ) VALUES (211319909, '2020-01-14' ,78);
 INSERT INTO `lecture_student` (`stud_number`,`reg_date`,  `lecture_id` ) VALUES (211319909, '2020-01-14' ,77);
 INSERT INTO `lecture_student` (`stud_number`,`reg_date`,  `lecture_id` ) VALUES (211319909, '2020-01-14' ,80);
 INSERT INTO `lecture_student` (`stud_number`,`reg_date`,  `lecture_id` ) VALUES (211319909, '2020-01-14', 65);
 INSERT INTO `lecture_student` (`stud_number`,`reg_date`,  `lecture_id` ) VALUES (211319909, '2020-01-14' ,64);
 INSERT INTO `lecture_student` (`stud_number`,`reg_date`,  `lecture_id` ) VALUES (211319909, '2020-01-14' ,11);
 INSERT INTO `student_course_registation` ( `stud_number`, `course_id` ) VALUES (211863477, 1);
 INSERT INTO `lecture_student` (`stud_number`,`reg_date`,  `lecture_id` ) VALUES (211863477, '2020-01-14', 81);
 INSERT INTO `lecture_student` (`stud_number`,`reg_date`,  `lecture_id` ) VALUES (211863477, '2020-01-14' ,79);
 INSERT INTO `lecture_student` (`stud_number`,`reg_date`,  `lecture_id` ) VALUES (211863477, '2020-01-14' ,78);
 INSERT INTO `lecture_student` (`stud_number`,`reg_date`,  `lecture_id` ) VALUES (211863477, '2020-01-14' ,77);
 INSERT INTO `lecture_student` (`stud_number`,`reg_date`,  `lecture_id` ) VALUES (211863477, '2020-01-14' ,80);
 INSERT INTO `lecture_student` (`stud_number`,`reg_date`,  `lecture_id` ) VALUES (211863477, '2020-01-14' ,64);
 INSERT INTO `lecture_student` (`stud_number`,`reg_date`,  `lecture_id` ) VALUES (211863477, '2020-01-14' ,11);
 INSERT INTO `student_course_registation` ( `stud_number`, `course_id` ) VALUES (211130533, 1);
 INSERT INTO `lecture_student` (`stud_number`,`reg_date`,  `lecture_id` ) VALUES (211130533, '2020-01-14', 81);
 INSERT INTO `lecture_student` (`stud_number`,`reg_date`,  `lecture_id` ) VALUES (211130533, '2020-01-14' ,78);
 INSERT INTO `lecture_student` (`stud_number`,`reg_date`,  `lecture_id` ) VALUES (211130533, '2020-01-14' ,77);
 INSERT INTO `lecture_student` (`stud_number`,`reg_date`,  `lecture_id` ) VALUES (211130533, '2020-01-14' ,80);
 INSERT INTO `lecture_student` (`stud_number`,`reg_date`,  `lecture_id` ) VALUES (211130533, '2020-01-14', 65);
 INSERT INTO `lecture_student` (`stud_number`,`reg_date`,  `lecture_id` ) VALUES (211130533, '2020-01-14' ,64);
 INSERT INTO `lecture_student` (`stud_number`,`reg_date`,  `lecture_id` ) VALUES (211130533, '2020-01-14' ,11);
 INSERT INTO `student_course_registation` ( `stud_number`, `course_id` ) VALUES (211991007, 1);
 INSERT INTO `lecture_student` (`stud_number`,`reg_date`,  `lecture_id` ) VALUES (211991007, '2020-01-14', 81);
 INSERT INTO `lecture_student` (`stud_number`,`reg_date`,  `lecture_id` ) VALUES (211991007, '2020-01-14' ,77);
 INSERT INTO `lecture_student` (`stud_number`,`reg_date`,  `lecture_id` ) VALUES (211991007, '2020-01-14' ,80);
 INSERT INTO `lecture_student` (`stud_number`,`reg_date`,  `lecture_id` ) VALUES (211991007, '2020-01-14', 65);
 INSERT INTO `lecture_student` (`stud_number`,`reg_date`,  `lecture_id` ) VALUES (211991007, '2020-01-14' ,64);
 INSERT INTO `lecture_student` (`stud_number`,`reg_date`,  `lecture_id` ) VALUES (211991007, '2020-01-14' ,11);
 INSERT INTO `student_course_registation` ( `stud_number`, `course_id` ) VALUES (211638150, 1);
 INSERT INTO `lecture_student` (`stud_number`,`reg_date`,  `lecture_id` ) VALUES (211638150, '2020-01-14', 81);
 INSERT INTO `lecture_student` (`stud_number`,`reg_date`,  `lecture_id` ) VALUES (211638150, '2020-01-14' ,78);
 INSERT INTO `lecture_student` (`stud_number`,`reg_date`,  `lecture_id` ) VALUES (211638150, '2020-01-14' ,77);
 INSERT INTO `lecture_student` (`stud_number`,`reg_date`,  `lecture_id` ) VALUES (211638150, '2020-01-14' ,80);
 INSERT INTO `lecture_student` (`stud_number`,`reg_date`,  `lecture_id` ) VALUES (211638150, '2020-01-14', 65);
 INSERT INTO `lecture_student` (`stud_number`,`reg_date`,  `lecture_id` ) VALUES (211638150, '2020-01-14' ,64);
 INSERT INTO `lecture_student` (`stud_number`,`reg_date`,  `lecture_id` ) VALUES (211638150, '2020-01-14' ,11);
 INSERT INTO `student_course_registation` ( `stud_number`, `course_id` ) VALUES (211627283, 1);
 INSERT INTO `lecture_student` (`stud_number`,`reg_date`,  `lecture_id` ) VALUES (211627283, '2020-01-14', 81);
 INSERT INTO `lecture_student` (`stud_number`,`reg_date`,  `lecture_id` ) VALUES (211627283, '2020-01-14' ,79);
 INSERT INTO `lecture_student` (`stud_number`,`reg_date`,  `lecture_id` ) VALUES (211627283, '2020-01-14' ,77);
 INSERT INTO `lecture_student` (`stud_number`,`reg_date`,  `lecture_id` ) VALUES (211627283, '2020-01-14' ,80);
 INSERT INTO `lecture_student` (`stud_number`,`reg_date`,  `lecture_id` ) VALUES (211627283, '2020-01-14', 65);
 INSERT INTO `lecture_student` (`stud_number`,`reg_date`,  `lecture_id` ) VALUES (211627283, '2020-01-14' ,64);
 INSERT INTO `lecture_student` (`stud_number`,`reg_date`,  `lecture_id` ) VALUES (211627283, '2020-01-14' ,11);
 INSERT INTO `student_course_registation` ( `stud_number`, `course_id` ) VALUES (211153711, 1);
 INSERT INTO `lecture_student` (`stud_number`,`reg_date`,  `lecture_id` ) VALUES (211153711, '2020-01-14' ,79);
 INSERT INTO `lecture_student` (`stud_number`,`reg_date`,  `lecture_id` ) VALUES (211153711, '2020-01-14' ,77);
 INSERT INTO `lecture_student` (`stud_number`,`reg_date`,  `lecture_id` ) VALUES (211153711, '2020-01-14' ,80);
 INSERT INTO `lecture_student` (`stud_number`,`reg_date`,  `lecture_id` ) VALUES (211153711, '2020-01-14', 65);
 INSERT INTO `lecture_student` (`stud_number`,`reg_date`,  `lecture_id` ) VALUES (211153711, '2020-01-14' ,64);
 INSERT INTO `lecture_student` (`stud_number`,`reg_date`,  `lecture_id` ) VALUES (211153711, '2020-01-14' ,11);
 INSERT INTO `student_course_registation` ( `stud_number`, `course_id` ) VALUES (211382354, 1);
 INSERT INTO `lecture_student` (`stud_number`,`reg_date`,  `lecture_id` ) VALUES (211382354, '2020-01-14', 81);
 INSERT INTO `lecture_student` (`stud_number`,`reg_date`,  `lecture_id` ) VALUES (211382354, '2020-01-14' ,79);
 INSERT INTO `lecture_student` (`stud_number`,`reg_date`,  `lecture_id` ) VALUES (211382354, '2020-01-14' ,77);
 INSERT INTO `lecture_student` (`stud_number`,`reg_date`,  `lecture_id` ) VALUES (211382354, '2020-01-14' ,80);
 INSERT INTO `lecture_student` (`stud_number`,`reg_date`,  `lecture_id` ) VALUES (211382354, '2020-01-14', 65);
 INSERT INTO `lecture_student` (`stud_number`,`reg_date`,  `lecture_id` ) VALUES (211382354, '2020-01-14' ,64);
 INSERT INTO `lecture_student` (`stud_number`,`reg_date`,  `lecture_id` ) VALUES (211382354, '2020-01-14' ,11);
 INSERT INTO `student_course_registation` ( `stud_number`, `course_id` ) VALUES (211946452, 1);
 INSERT INTO `lecture_student` (`stud_number`,`reg_date`,  `lecture_id` ) VALUES (211946452, '2020-01-14', 81);
 INSERT INTO `lecture_student` (`stud_number`,`reg_date`,  `lecture_id` ) VALUES (211946452, '2020-01-14' ,79);
 INSERT INTO `lecture_student` (`stud_number`,`reg_date`,  `lecture_id` ) VALUES (211946452, '2020-01-14' ,78);
 INSERT INTO `lecture_student` (`stud_number`,`reg_date`,  `lecture_id` ) VALUES (211946452, '2020-01-14' ,77);
 INSERT INTO `lecture_student` (`stud_number`,`reg_date`,  `lecture_id` ) VALUES (211946452, '2020-01-14' ,80);
 INSERT INTO `lecture_student` (`stud_number`,`reg_date`,  `lecture_id` ) VALUES (211946452, '2020-01-14', 65);
 INSERT INTO `lecture_student` (`stud_number`,`reg_date`,  `lecture_id` ) VALUES (211946452, '2020-01-14' ,64);
 INSERT INTO `lecture_student` (`stud_number`,`reg_date`,  `lecture_id` ) VALUES (211946452, '2020-01-14' ,11);
 INSERT INTO `student_course_registation` ( `stud_number`, `course_id` ) VALUES (211407321, 1);
 INSERT INTO `lecture_student` (`stud_number`,`reg_date`,  `lecture_id` ) VALUES (211407321, '2020-01-14', 81);
 INSERT INTO `lecture_student` (`stud_number`,`reg_date`,  `lecture_id` ) VALUES (211407321, '2020-01-14' ,79);
 INSERT INTO `lecture_student` (`stud_number`,`reg_date`,  `lecture_id` ) VALUES (211407321, '2020-01-14' ,80);
 INSERT INTO `lecture_student` (`stud_number`,`reg_date`,  `lecture_id` ) VALUES (211407321, '2020-01-14', 65);
 INSERT INTO `lecture_student` (`stud_number`,`reg_date`,  `lecture_id` ) VALUES (211407321, '2020-01-14' ,64);
 INSERT INTO `lecture_student` (`stud_number`,`reg_date`,  `lecture_id` ) VALUES (211407321, '2020-01-14' ,11);
 INSERT INTO `student_course_registation` ( `stud_number`, `course_id` ) VALUES (211457946, 1);
 INSERT INTO `lecture_student` (`stud_number`,`reg_date`,  `lecture_id` ) VALUES (211457946, '2020-01-14', 81);
 INSERT INTO `lecture_student` (`stud_number`,`reg_date`,  `lecture_id` ) VALUES (211457946, '2020-01-14' ,79);
 INSERT INTO `lecture_student` (`stud_number`,`reg_date`,  `lecture_id` ) VALUES (211457946, '2020-01-14' ,77);
 INSERT INTO `lecture_student` (`stud_number`,`reg_date`,  `lecture_id` ) VALUES (211457946, '2020-01-14' ,80);
 INSERT INTO `lecture_student` (`stud_number`,`reg_date`,  `lecture_id` ) VALUES (211457946, '2020-01-14', 65);
 INSERT INTO `lecture_student` (`stud_number`,`reg_date`,  `lecture_id` ) VALUES (211457946, '2020-01-14' ,64);
 INSERT INTO `lecture_student` (`stud_number`,`reg_date`,  `lecture_id` ) VALUES (211457946, '2020-01-14' ,11);
 INSERT INTO `student_course_registation` ( `stud_number`, `course_id` ) VALUES (211205772, 1);
 INSERT INTO `lecture_student` (`stud_number`,`reg_date`,  `lecture_id` ) VALUES (211205772, '2020-01-14', 81);
 INSERT INTO `lecture_student` (`stud_number`,`reg_date`,  `lecture_id` ) VALUES (211205772, '2020-01-14' ,79);
 INSERT INTO `lecture_student` (`stud_number`,`reg_date`,  `lecture_id` ) VALUES (211205772, '2020-01-14' ,78);
 INSERT INTO `lecture_student` (`stud_number`,`reg_date`,  `lecture_id` ) VALUES (211205772, '2020-01-14' ,77);
 INSERT INTO `lecture_student` (`stud_number`,`reg_date`,  `lecture_id` ) VALUES (211205772, '2020-01-14' ,80);
 INSERT INTO `lecture_student` (`stud_number`,`reg_date`,  `lecture_id` ) VALUES (211205772, '2020-01-14', 65);
 INSERT INTO `lecture_student` (`stud_number`,`reg_date`,  `lecture_id` ) VALUES (211205772, '2020-01-14' ,64);
 INSERT INTO `lecture_student` (`stud_number`,`reg_date`,  `lecture_id` ) VALUES (211205772, '2020-01-14' ,11);
 INSERT INTO `student_course_registation` ( `stud_number`, `course_id` ) VALUES (211979682, 1);
 INSERT INTO `lecture_student` (`stud_number`,`reg_date`,  `lecture_id` ) VALUES (211979682, '2020-01-14', 81);
 INSERT INTO `lecture_student` (`stud_number`,`reg_date`,  `lecture_id` ) VALUES (211979682, '2020-01-14' ,78);
 INSERT INTO `lecture_student` (`stud_number`,`reg_date`,  `lecture_id` ) VALUES (211979682, '2020-01-14' ,77);
 INSERT INTO `lecture_student` (`stud_number`,`reg_date`,  `lecture_id` ) VALUES (211979682, '2020-01-14' ,80);
 INSERT INTO `lecture_student` (`stud_number`,`reg_date`,  `lecture_id` ) VALUES (211979682, '2020-01-14', 65);
 INSERT INTO `lecture_student` (`stud_number`,`reg_date`,  `lecture_id` ) VALUES (211979682, '2020-01-14' ,64);
 INSERT INTO `student_course_registation` ( `stud_number`, `course_id` ) VALUES (211277589, 1);
 INSERT INTO `lecture_student` (`stud_number`,`reg_date`,  `lecture_id` ) VALUES (211277589, '2020-01-14', 81);
 INSERT INTO `lecture_student` (`stud_number`,`reg_date`,  `lecture_id` ) VALUES (211277589, '2020-01-14' ,79);
 INSERT INTO `lecture_student` (`stud_number`,`reg_date`,  `lecture_id` ) VALUES (211277589, '2020-01-14' ,78);
 INSERT INTO `lecture_student` (`stud_number`,`reg_date`,  `lecture_id` ) VALUES (211277589, '2020-01-14' ,77);
 INSERT INTO `lecture_student` (`stud_number`,`reg_date`,  `lecture_id` ) VALUES (211277589, '2020-01-14' ,80);
 INSERT INTO `lecture_student` (`stud_number`,`reg_date`,  `lecture_id` ) VALUES (211277589, '2020-01-14', 65);
 INSERT INTO `lecture_student` (`stud_number`,`reg_date`,  `lecture_id` ) VALUES (211277589, '2020-01-14' ,64);
 INSERT INTO `lecture_student` (`stud_number`,`reg_date`,  `lecture_id` ) VALUES (211277589, '2020-01-14' ,11);
 INSERT INTO `student_course_registation` ( `stud_number`, `course_id` ) VALUES (211812610, 1);
 INSERT INTO `lecture_student` (`stud_number`,`reg_date`,  `lecture_id` ) VALUES (211812610, '2020-01-14', 81);
 INSERT INTO `lecture_student` (`stud_number`,`reg_date`,  `lecture_id` ) VALUES (211812610, '2020-01-14' ,79);
 INSERT INTO `lecture_student` (`stud_number`,`reg_date`,  `lecture_id` ) VALUES (211812610, '2020-01-14' ,78);
 INSERT INTO `lecture_student` (`stud_number`,`reg_date`,  `lecture_id` ) VALUES (211812610, '2020-01-14' ,77);
 INSERT INTO `lecture_student` (`stud_number`,`reg_date`,  `lecture_id` ) VALUES (211812610, '2020-01-14' ,80);
 INSERT INTO `lecture_student` (`stud_number`,`reg_date`,  `lecture_id` ) VALUES (211812610, '2020-01-14', 65);
 INSERT INTO `lecture_student` (`stud_number`,`reg_date`,  `lecture_id` ) VALUES (211812610, '2020-01-14' ,64);
 INSERT INTO `lecture_student` (`stud_number`,`reg_date`,  `lecture_id` ) VALUES (211812610, '2020-01-14' ,11);
 INSERT INTO `student_course_registation` ( `stud_number`, `course_id` ) VALUES (211720581, 1);
 INSERT INTO `lecture_student` (`stud_number`,`reg_date`,  `lecture_id` ) VALUES (211720581, '2020-01-14', 81);
 INSERT INTO `lecture_student` (`stud_number`,`reg_date`,  `lecture_id` ) VALUES (211720581, '2020-01-14' ,77);
 INSERT INTO `lecture_student` (`stud_number`,`reg_date`,  `lecture_id` ) VALUES (211720581, '2020-01-14' ,80);
 INSERT INTO `lecture_student` (`stud_number`,`reg_date`,  `lecture_id` ) VALUES (211720581, '2020-01-14', 65);
 INSERT INTO `lecture_student` (`stud_number`,`reg_date`,  `lecture_id` ) VALUES (211720581, '2020-01-14' ,64);
 INSERT INTO `lecture_student` (`stud_number`,`reg_date`,  `lecture_id` ) VALUES (211720581, '2020-01-14' ,11);
 INSERT INTO `student_course_registation` ( `stud_number`, `course_id` ) VALUES (211700924, 1);
 INSERT INTO `lecture_student` (`stud_number`,`reg_date`,  `lecture_id` ) VALUES (211700924, '2020-01-14', 81);
 INSERT INTO `lecture_student` (`stud_number`,`reg_date`,  `lecture_id` ) VALUES (211700924, '2020-01-14' ,79);
 INSERT INTO `lecture_student` (`stud_number`,`reg_date`,  `lecture_id` ) VALUES (211700924, '2020-01-14' ,78);
 INSERT INTO `lecture_student` (`stud_number`,`reg_date`,  `lecture_id` ) VALUES (211700924, '2020-01-14' ,77);
 INSERT INTO `lecture_student` (`stud_number`,`reg_date`,  `lecture_id` ) VALUES (211700924, '2020-01-14' ,80);
 INSERT INTO `lecture_student` (`stud_number`,`reg_date`,  `lecture_id` ) VALUES (211700924, '2020-01-14' ,11);
 INSERT INTO `student_course_registation` ( `stud_number`, `course_id` ) VALUES (211930152, 1);
 INSERT INTO `lecture_student` (`stud_number`,`reg_date`,  `lecture_id` ) VALUES (211930152, '2020-01-14', 81);
 INSERT INTO `lecture_student` (`stud_number`,`reg_date`,  `lecture_id` ) VALUES (211930152, '2020-01-14' ,77);
 INSERT INTO `lecture_student` (`stud_number`,`reg_date`,  `lecture_id` ) VALUES (211930152, '2020-01-14', 65);
 INSERT INTO `lecture_student` (`stud_number`,`reg_date`,  `lecture_id` ) VALUES (211930152, '2020-01-14' ,64);
 INSERT INTO `lecture_student` (`stud_number`,`reg_date`,  `lecture_id` ) VALUES (211930152, '2020-01-14' ,11);
 INSERT INTO `student_course_registation` ( `stud_number`, `course_id` ) VALUES (211716308, 1);
 INSERT INTO `lecture_student` (`stud_number`,`reg_date`,  `lecture_id` ) VALUES (211716308, '2020-01-14', 81);
 INSERT INTO `lecture_student` (`stud_number`,`reg_date`,  `lecture_id` ) VALUES (211716308, '2020-01-14' ,79);
 INSERT INTO `lecture_student` (`stud_number`,`reg_date`,  `lecture_id` ) VALUES (211716308, '2020-01-14' ,77);
 INSERT INTO `lecture_student` (`stud_number`,`reg_date`,  `lecture_id` ) VALUES (211716308, '2020-01-14' ,80);
 INSERT INTO `lecture_student` (`stud_number`,`reg_date`,  `lecture_id` ) VALUES (211716308, '2020-01-14', 65);
 INSERT INTO `lecture_student` (`stud_number`,`reg_date`,  `lecture_id` ) VALUES (211716308, '2020-01-14' ,64);
 INSERT INTO `lecture_student` (`stud_number`,`reg_date`,  `lecture_id` ) VALUES (211716308, '2020-01-14' ,11);
 INSERT INTO `student_course_registation` ( `stud_number`, `course_id` ) VALUES (211426479, 1);
 INSERT INTO `lecture_student` (`stud_number`,`reg_date`,  `lecture_id` ) VALUES (211426479, '2020-01-14', 81);
 INSERT INTO `lecture_student` (`stud_number`,`reg_date`,  `lecture_id` ) VALUES (211426479, '2020-01-14' ,79);
 INSERT INTO `lecture_student` (`stud_number`,`reg_date`,  `lecture_id` ) VALUES (211426479, '2020-01-14' ,77);
 INSERT INTO `lecture_student` (`stud_number`,`reg_date`,  `lecture_id` ) VALUES (211426479, '2020-01-14' ,80);
 INSERT INTO `lecture_student` (`stud_number`,`reg_date`,  `lecture_id` ) VALUES (211426479, '2020-01-14', 65);
 INSERT INTO `lecture_student` (`stud_number`,`reg_date`,  `lecture_id` ) VALUES (211426479, '2020-01-14' ,64);
 INSERT INTO `lecture_student` (`stud_number`,`reg_date`,  `lecture_id` ) VALUES (211426479, '2020-01-14' ,11);
 INSERT INTO `student_course_registation` ( `stud_number`, `course_id` ) VALUES (211904337, 1);
 INSERT INTO `lecture_student` (`stud_number`,`reg_date`,  `lecture_id` ) VALUES (211904337, '2020-01-14', 81);
 INSERT INTO `lecture_student` (`stud_number`,`reg_date`,  `lecture_id` ) VALUES (211904337, '2020-01-14' ,77);
 INSERT INTO `lecture_student` (`stud_number`,`reg_date`,  `lecture_id` ) VALUES (211904337, '2020-01-14' ,80);
 INSERT INTO `lecture_student` (`stud_number`,`reg_date`,  `lecture_id` ) VALUES (211904337, '2020-01-14', 65);
 INSERT INTO `lecture_student` (`stud_number`,`reg_date`,  `lecture_id` ) VALUES (211904337, '2020-01-14' ,64);
 INSERT INTO `lecture_student` (`stud_number`,`reg_date`,  `lecture_id` ) VALUES (211904337, '2020-01-14' ,11);
 INSERT INTO `student_course_registation` ( `stud_number`, `course_id` ) VALUES (211532313, 1);
 INSERT INTO `lecture_student` (`stud_number`,`reg_date`,  `lecture_id` ) VALUES (211532313, '2020-01-14', 81);
 INSERT INTO `lecture_student` (`stud_number`,`reg_date`,  `lecture_id` ) VALUES (211532313, '2020-01-14' ,79);
 INSERT INTO `lecture_student` (`stud_number`,`reg_date`,  `lecture_id` ) VALUES (211532313, '2020-01-14' ,78);
 INSERT INTO `lecture_student` (`stud_number`,`reg_date`,  `lecture_id` ) VALUES (211532313, '2020-01-14' ,77);
 INSERT INTO `lecture_student` (`stud_number`,`reg_date`,  `lecture_id` ) VALUES (211532313, '2020-01-14' ,80);
 INSERT INTO `lecture_student` (`stud_number`,`reg_date`,  `lecture_id` ) VALUES (211532313, '2020-01-14', 65);
 INSERT INTO `lecture_student` (`stud_number`,`reg_date`,  `lecture_id` ) VALUES (211532313, '2020-01-14' ,64);
 INSERT INTO `lecture_student` (`stud_number`,`reg_date`,  `lecture_id` ) VALUES (211532313, '2020-01-14' ,11);
 INSERT INTO `student_course_registation` ( `stud_number`, `course_id` ) VALUES (211316601, 1);
 INSERT INTO `lecture_student` (`stud_number`,`reg_date`,  `lecture_id` ) VALUES (211316601, '2020-01-14', 81);
 INSERT INTO `lecture_student` (`stud_number`,`reg_date`,  `lecture_id` ) VALUES (211316601, '2020-01-14' ,79);
 INSERT INTO `lecture_student` (`stud_number`,`reg_date`,  `lecture_id` ) VALUES (211316601, '2020-01-14' ,80);
 INSERT INTO `lecture_student` (`stud_number`,`reg_date`,  `lecture_id` ) VALUES (211316601, '2020-01-14', 65);
 INSERT INTO `lecture_student` (`stud_number`,`reg_date`,  `lecture_id` ) VALUES (211316601, '2020-01-14' ,64);
 INSERT INTO `lecture_student` (`stud_number`,`reg_date`,  `lecture_id` ) VALUES (211316601, '2020-01-14' ,11);
 INSERT INTO `student_course_registation` ( `stud_number`, `course_id` ) VALUES (211360856, 1);
 INSERT INTO `lecture_student` (`stud_number`,`reg_date`,  `lecture_id` ) VALUES (211360856, '2020-01-14' ,80);
 INSERT INTO `lecture_student` (`stud_number`,`reg_date`,  `lecture_id` ) VALUES (211360856, '2020-01-14', 65);
 INSERT INTO `lecture_student` (`stud_number`,`reg_date`,  `lecture_id` ) VALUES (211360856, '2020-01-14' ,64);
 INSERT INTO `lecture_student` (`stud_number`,`reg_date`,  `lecture_id` ) VALUES (211360856, '2020-01-14' ,11);
 INSERT INTO `student_course_registation` ( `stud_number`, `course_id` ) VALUES (211803773, 1);
 INSERT INTO `lecture_student` (`stud_number`,`reg_date`,  `lecture_id` ) VALUES (211803773, '2020-01-14', 81);
 INSERT INTO `lecture_student` (`stud_number`,`reg_date`,  `lecture_id` ) VALUES (211803773, '2020-01-14' ,79);
 INSERT INTO `lecture_student` (`stud_number`,`reg_date`,  `lecture_id` ) VALUES (211803773, '2020-01-14' ,77);
 INSERT INTO `lecture_student` (`stud_number`,`reg_date`,  `lecture_id` ) VALUES (211803773, '2020-01-14' ,80);
 INSERT INTO `lecture_student` (`stud_number`,`reg_date`,  `lecture_id` ) VALUES (211803773, '2020-01-14', 65);
 INSERT INTO `lecture_student` (`stud_number`,`reg_date`,  `lecture_id` ) VALUES (211803773, '2020-01-14' ,64);
 INSERT INTO `student_course_registation` ( `stud_number`, `course_id` ) VALUES (211301876, 1);
 INSERT INTO `lecture_student` (`stud_number`,`reg_date`,  `lecture_id` ) VALUES (211301876, '2020-01-14', 81);
 INSERT INTO `lecture_student` (`stud_number`,`reg_date`,  `lecture_id` ) VALUES (211301876, '2020-01-14' ,79);
 INSERT INTO `lecture_student` (`stud_number`,`reg_date`,  `lecture_id` ) VALUES (211301876, '2020-01-14' ,78);
 INSERT INTO `lecture_student` (`stud_number`,`reg_date`,  `lecture_id` ) VALUES (211301876, '2020-01-14' ,77);
 INSERT INTO `lecture_student` (`stud_number`,`reg_date`,  `lecture_id` ) VALUES (211301876, '2020-01-14' ,80);
 INSERT INTO `lecture_student` (`stud_number`,`reg_date`,  `lecture_id` ) VALUES (211301876, '2020-01-14', 65);
 INSERT INTO `lecture_student` (`stud_number`,`reg_date`,  `lecture_id` ) VALUES (211301876, '2020-01-14' ,64);
 INSERT INTO `lecture_student` (`stud_number`,`reg_date`,  `lecture_id` ) VALUES (211301876, '2020-01-14' ,11);
 INSERT INTO `student_course_registation` ( `stud_number`, `course_id` ) VALUES (211731272, 1);
 INSERT INTO `lecture_student` (`stud_number`,`reg_date`,  `lecture_id` ) VALUES (211731272, '2020-01-14', 81);
 INSERT INTO `lecture_student` (`stud_number`,`reg_date`,  `lecture_id` ) VALUES (211731272, '2020-01-14' ,79);
 INSERT INTO `lecture_student` (`stud_number`,`reg_date`,  `lecture_id` ) VALUES (211731272, '2020-01-14' ,77);
 INSERT INTO `lecture_student` (`stud_number`,`reg_date`,  `lecture_id` ) VALUES (211731272, '2020-01-14' ,80);
 INSERT INTO `lecture_student` (`stud_number`,`reg_date`,  `lecture_id` ) VALUES (211731272, '2020-01-14' ,64);
 INSERT INTO `lecture_student` (`stud_number`,`reg_date`,  `lecture_id` ) VALUES (211731272, '2020-01-14' ,11);
 INSERT INTO `student_course_registation` ( `stud_number`, `course_id` ) VALUES (211232806, 1);
 INSERT INTO `lecture_student` (`stud_number`,`reg_date`,  `lecture_id` ) VALUES (211232806, '2020-01-14', 81);
 INSERT INTO `lecture_student` (`stud_number`,`reg_date`,  `lecture_id` ) VALUES (211232806, '2020-01-14' ,79);
 INSERT INTO `lecture_student` (`stud_number`,`reg_date`,  `lecture_id` ) VALUES (211232806, '2020-01-14' ,78);
 INSERT INTO `lecture_student` (`stud_number`,`reg_date`,  `lecture_id` ) VALUES (211232806, '2020-01-14' ,77);
 INSERT INTO `lecture_student` (`stud_number`,`reg_date`,  `lecture_id` ) VALUES (211232806, '2020-01-14' ,80);
 INSERT INTO `lecture_student` (`stud_number`,`reg_date`,  `lecture_id` ) VALUES (211232806, '2020-01-14', 65);
 INSERT INTO `lecture_student` (`stud_number`,`reg_date`,  `lecture_id` ) VALUES (211232806, '2020-01-14' ,64);
 INSERT INTO `lecture_student` (`stud_number`,`reg_date`,  `lecture_id` ) VALUES (211232806, '2020-01-14' ,11);
 INSERT INTO `student_course_registation` ( `stud_number`, `course_id` ) VALUES (211471120, 1);
 INSERT INTO `lecture_student` (`stud_number`,`reg_date`,  `lecture_id` ) VALUES (211471120, '2020-01-14', 81);
 INSERT INTO `lecture_student` (`stud_number`,`reg_date`,  `lecture_id` ) VALUES (211471120, '2020-01-14' ,78);
 INSERT INTO `lecture_student` (`stud_number`,`reg_date`,  `lecture_id` ) VALUES (211471120, '2020-01-14' ,77);
 INSERT INTO `lecture_student` (`stud_number`,`reg_date`,  `lecture_id` ) VALUES (211471120, '2020-01-14' ,80);
 INSERT INTO `lecture_student` (`stud_number`,`reg_date`,  `lecture_id` ) VALUES (211471120, '2020-01-14', 65);
 INSERT INTO `student_course_registation` ( `stud_number`, `course_id` ) VALUES (211703199, 1);
 INSERT INTO `lecture_student` (`stud_number`,`reg_date`,  `lecture_id` ) VALUES (211703199, '2020-01-14', 81);
 INSERT INTO `lecture_student` (`stud_number`,`reg_date`,  `lecture_id` ) VALUES (211703199, '2020-01-14' ,77);
 INSERT INTO `lecture_student` (`stud_number`,`reg_date`,  `lecture_id` ) VALUES (211703199, '2020-01-14' ,80);
 INSERT INTO `lecture_student` (`stud_number`,`reg_date`,  `lecture_id` ) VALUES (211703199, '2020-01-14', 65);
 INSERT INTO `lecture_student` (`stud_number`,`reg_date`,  `lecture_id` ) VALUES (211703199, '2020-01-14' ,64);
 INSERT INTO `lecture_student` (`stud_number`,`reg_date`,  `lecture_id` ) VALUES (211703199, '2020-01-14' ,11);
 INSERT INTO `student_course_registation` ( `stud_number`, `course_id` ) VALUES (211919681, 1);
 INSERT INTO `lecture_student` (`stud_number`,`reg_date`,  `lecture_id` ) VALUES (211919681, '2020-01-14', 81);
 INSERT INTO `lecture_student` (`stud_number`,`reg_date`,  `lecture_id` ) VALUES (211919681, '2020-01-14' ,79);
 INSERT INTO `lecture_student` (`stud_number`,`reg_date`,  `lecture_id` ) VALUES (211919681, '2020-01-14' ,78);
 INSERT INTO `lecture_student` (`stud_number`,`reg_date`,  `lecture_id` ) VALUES (211919681, '2020-01-14' ,80);
 INSERT INTO `lecture_student` (`stud_number`,`reg_date`,  `lecture_id` ) VALUES (211919681, '2020-01-14' ,64);
 INSERT INTO `lecture_student` (`stud_number`,`reg_date`,  `lecture_id` ) VALUES (211919681, '2020-01-14' ,11);
 INSERT INTO `student_course_registation` ( `stud_number`, `course_id` ) VALUES (211848765, 1);
 INSERT INTO `lecture_student` (`stud_number`,`reg_date`,  `lecture_id` ) VALUES (211848765, '2020-01-14', 81);
 INSERT INTO `lecture_student` (`stud_number`,`reg_date`,  `lecture_id` ) VALUES (211848765, '2020-01-14' ,78);
 INSERT INTO `lecture_student` (`stud_number`,`reg_date`,  `lecture_id` ) VALUES (211848765, '2020-01-14' ,77);
 INSERT INTO `lecture_student` (`stud_number`,`reg_date`,  `lecture_id` ) VALUES (211848765, '2020-01-14' ,80);
 INSERT INTO `lecture_student` (`stud_number`,`reg_date`,  `lecture_id` ) VALUES (211848765, '2020-01-14' ,64);
 INSERT INTO `lecture_student` (`stud_number`,`reg_date`,  `lecture_id` ) VALUES (211848765, '2020-01-14' ,11);
 INSERT INTO `student_course_registation` ( `stud_number`, `course_id` ) VALUES (211363076, 1);
 INSERT INTO `lecture_student` (`stud_number`,`reg_date`,  `lecture_id` ) VALUES (211363076, '2020-01-14' ,79);
 INSERT INTO `lecture_student` (`stud_number`,`reg_date`,  `lecture_id` ) VALUES (211363076, '2020-01-14' ,78);
 INSERT INTO `lecture_student` (`stud_number`,`reg_date`,  `lecture_id` ) VALUES (211363076, '2020-01-14' ,77);
 INSERT INTO `lecture_student` (`stud_number`,`reg_date`,  `lecture_id` ) VALUES (211363076, '2020-01-14' ,80);
 INSERT INTO `lecture_student` (`stud_number`,`reg_date`,  `lecture_id` ) VALUES (211363076, '2020-01-14', 65);
 INSERT INTO `lecture_student` (`stud_number`,`reg_date`,  `lecture_id` ) VALUES (211363076, '2020-01-14' ,64);
 INSERT INTO `lecture_student` (`stud_number`,`reg_date`,  `lecture_id` ) VALUES (211363076, '2020-01-14' ,11);
 INSERT INTO `student_course_registation` ( `stud_number`, `course_id` ) VALUES (211267377, 1);
 INSERT INTO `lecture_student` (`stud_number`,`reg_date`,  `lecture_id` ) VALUES (211267377, '2020-01-14', 81);
 INSERT INTO `lecture_student` (`stud_number`,`reg_date`,  `lecture_id` ) VALUES (211267377, '2020-01-14' ,79);
 INSERT INTO `lecture_student` (`stud_number`,`reg_date`,  `lecture_id` ) VALUES (211267377, '2020-01-14' ,77);
 INSERT INTO `lecture_student` (`stud_number`,`reg_date`,  `lecture_id` ) VALUES (211267377, '2020-01-14' ,80);
 INSERT INTO `lecture_student` (`stud_number`,`reg_date`,  `lecture_id` ) VALUES (211267377, '2020-01-14', 65);
 INSERT INTO `lecture_student` (`stud_number`,`reg_date`,  `lecture_id` ) VALUES (211267377, '2020-01-14' ,64);
 INSERT INTO `lecture_student` (`stud_number`,`reg_date`,  `lecture_id` ) VALUES (211267377, '2020-01-14' ,11);
 INSERT INTO `student_course_registation` ( `stud_number`, `course_id` ) VALUES (211186638, 1);
 INSERT INTO `lecture_student` (`stud_number`,`reg_date`,  `lecture_id` ) VALUES (211186638, '2020-01-14', 81);
 INSERT INTO `lecture_student` (`stud_number`,`reg_date`,  `lecture_id` ) VALUES (211186638, '2020-01-14' ,79);
 INSERT INTO `lecture_student` (`stud_number`,`reg_date`,  `lecture_id` ) VALUES (211186638, '2020-01-14' ,78);
 INSERT INTO `lecture_student` (`stud_number`,`reg_date`,  `lecture_id` ) VALUES (211186638, '2020-01-14' ,77);
 INSERT INTO `lecture_student` (`stud_number`,`reg_date`,  `lecture_id` ) VALUES (211186638, '2020-01-14' ,80);
 INSERT INTO `lecture_student` (`stud_number`,`reg_date`,  `lecture_id` ) VALUES (211186638, '2020-01-14', 65);
 INSERT INTO `lecture_student` (`stud_number`,`reg_date`,  `lecture_id` ) VALUES (211186638, '2020-01-14' ,64);
 INSERT INTO `lecture_student` (`stud_number`,`reg_date`,  `lecture_id` ) VALUES (211186638, '2020-01-14' ,11);
 INSERT INTO `student_course_registation` ( `stud_number`, `course_id` ) VALUES (211492038, 1);
 INSERT INTO `lecture_student` (`stud_number`,`reg_date`,  `lecture_id` ) VALUES (211492038, '2020-01-14', 81);
 INSERT INTO `lecture_student` (`stud_number`,`reg_date`,  `lecture_id` ) VALUES (211492038, '2020-01-14' ,79);
 INSERT INTO `lecture_student` (`stud_number`,`reg_date`,  `lecture_id` ) VALUES (211492038, '2020-01-14' ,77);
 INSERT INTO `lecture_student` (`stud_number`,`reg_date`,  `lecture_id` ) VALUES (211492038, '2020-01-14' ,80);
 INSERT INTO `lecture_student` (`stud_number`,`reg_date`,  `lecture_id` ) VALUES (211492038, '2020-01-14', 65);
 INSERT INTO `lecture_student` (`stud_number`,`reg_date`,  `lecture_id` ) VALUES (211492038, '2020-01-14' ,64);
 INSERT INTO `lecture_student` (`stud_number`,`reg_date`,  `lecture_id` ) VALUES (211492038, '2020-01-14' ,11);
 INSERT INTO `student_course_registation` ( `stud_number`, `course_id` ) VALUES (211915779, 1);
 INSERT INTO `lecture_student` (`stud_number`,`reg_date`,  `lecture_id` ) VALUES (211915779, '2020-01-14', 81);
 INSERT INTO `lecture_student` (`stud_number`,`reg_date`,  `lecture_id` ) VALUES (211915779, '2020-01-14' ,79);
 INSERT INTO `lecture_student` (`stud_number`,`reg_date`,  `lecture_id` ) VALUES (211915779, '2020-01-14' ,78);
 INSERT INTO `lecture_student` (`stud_number`,`reg_date`,  `lecture_id` ) VALUES (211915779, '2020-01-14' ,77);
 INSERT INTO `lecture_student` (`stud_number`,`reg_date`,  `lecture_id` ) VALUES (211915779, '2020-01-14', 65);
 INSERT INTO `lecture_student` (`stud_number`,`reg_date`,  `lecture_id` ) VALUES (211915779, '2020-01-14' ,64);
 INSERT INTO `lecture_student` (`stud_number`,`reg_date`,  `lecture_id` ) VALUES (211915779, '2020-01-14' ,11);
 INSERT INTO `student_course_registation` ( `stud_number`, `course_id` ) VALUES (212749122, 1);
 INSERT INTO `lecture_student` (`stud_number`,`reg_date`,  `lecture_id` ) VALUES (212749122, '2020-01-14', 81);
 INSERT INTO `lecture_student` (`stud_number`,`reg_date`,  `lecture_id` ) VALUES (212749122, '2020-01-14' ,79);
 INSERT INTO `lecture_student` (`stud_number`,`reg_date`,  `lecture_id` ) VALUES (212749122, '2020-01-14' ,77);
 INSERT INTO `lecture_student` (`stud_number`,`reg_date`,  `lecture_id` ) VALUES (212749122, '2020-01-14' ,80);
 INSERT INTO `lecture_student` (`stud_number`,`reg_date`,  `lecture_id` ) VALUES (212749122, '2020-01-14' ,64);
 INSERT INTO `lecture_student` (`stud_number`,`reg_date`,  `lecture_id` ) VALUES (212749122, '2020-01-14' ,11);
 INSERT INTO `student_course_registation` ( `stud_number`, `course_id` ) VALUES (212889174, 1);
 INSERT INTO `lecture_student` (`stud_number`,`reg_date`,  `lecture_id` ) VALUES (212889174, '2020-01-14', 81);
 INSERT INTO `lecture_student` (`stud_number`,`reg_date`,  `lecture_id` ) VALUES (212889174, '2020-01-14' ,79);
 INSERT INTO `lecture_student` (`stud_number`,`reg_date`,  `lecture_id` ) VALUES (212889174, '2020-01-14' ,77);
 INSERT INTO `lecture_student` (`stud_number`,`reg_date`,  `lecture_id` ) VALUES (212889174, '2020-01-14' ,80);
 INSERT INTO `lecture_student` (`stud_number`,`reg_date`,  `lecture_id` ) VALUES (212889174, '2020-01-14', 65);
 INSERT INTO `lecture_student` (`stud_number`,`reg_date`,  `lecture_id` ) VALUES (212889174, '2020-01-14' ,64);
 INSERT INTO `lecture_student` (`stud_number`,`reg_date`,  `lecture_id` ) VALUES (212889174, '2020-01-14' ,11);
 INSERT INTO `student_course_registation` ( `stud_number`, `course_id` ) VALUES (212638536, 1);
 INSERT INTO `lecture_student` (`stud_number`,`reg_date`,  `lecture_id` ) VALUES (212638536, '2020-01-14', 81);
 INSERT INTO `lecture_student` (`stud_number`,`reg_date`,  `lecture_id` ) VALUES (212638536, '2020-01-14' ,79);
 INSERT INTO `lecture_student` (`stud_number`,`reg_date`,  `lecture_id` ) VALUES (212638536, '2020-01-14' ,77);
 INSERT INTO `lecture_student` (`stud_number`,`reg_date`,  `lecture_id` ) VALUES (212638536, '2020-01-14' ,80);
 INSERT INTO `lecture_student` (`stud_number`,`reg_date`,  `lecture_id` ) VALUES (212638536, '2020-01-14', 65);
 INSERT INTO `lecture_student` (`stud_number`,`reg_date`,  `lecture_id` ) VALUES (212638536, '2020-01-14' ,64);
 INSERT INTO `lecture_student` (`stud_number`,`reg_date`,  `lecture_id` ) VALUES (212638536, '2020-01-14' ,11);
 INSERT INTO `student_course_registation` ( `stud_number`, `course_id` ) VALUES (212253135, 1);
 INSERT INTO `lecture_student` (`stud_number`,`reg_date`,  `lecture_id` ) VALUES (212253135, '2020-01-14', 81);
 INSERT INTO `lecture_student` (`stud_number`,`reg_date`,  `lecture_id` ) VALUES (212253135, '2020-01-14' ,77);
 INSERT INTO `lecture_student` (`stud_number`,`reg_date`,  `lecture_id` ) VALUES (212253135, '2020-01-14' ,80);
 INSERT INTO `lecture_student` (`stud_number`,`reg_date`,  `lecture_id` ) VALUES (212253135, '2020-01-14' ,64);
 INSERT INTO `lecture_student` (`stud_number`,`reg_date`,  `lecture_id` ) VALUES (212253135, '2020-01-14' ,11);
 INSERT INTO `student_course_registation` ( `stud_number`, `course_id` ) VALUES (212657802, 1);
 INSERT INTO `lecture_student` (`stud_number`,`reg_date`,  `lecture_id` ) VALUES (212657802, '2020-01-14', 81);
 INSERT INTO `lecture_student` (`stud_number`,`reg_date`,  `lecture_id` ) VALUES (212657802, '2020-01-14' ,79);
 INSERT INTO `lecture_student` (`stud_number`,`reg_date`,  `lecture_id` ) VALUES (212657802, '2020-01-14' ,77);
 INSERT INTO `lecture_student` (`stud_number`,`reg_date`,  `lecture_id` ) VALUES (212657802, '2020-01-14' ,80);
 INSERT INTO `lecture_student` (`stud_number`,`reg_date`,  `lecture_id` ) VALUES (212657802, '2020-01-14', 65);
 INSERT INTO `lecture_student` (`stud_number`,`reg_date`,  `lecture_id` ) VALUES (212657802, '2020-01-14' ,64);
 INSERT INTO `lecture_student` (`stud_number`,`reg_date`,  `lecture_id` ) VALUES (212657802, '2020-01-14' ,11);
 INSERT INTO `student_course_registation` ( `stud_number`, `course_id` ) VALUES (212280693, 1);
 INSERT INTO `lecture_student` (`stud_number`,`reg_date`,  `lecture_id` ) VALUES (212280693, '2020-01-14', 81);
 INSERT INTO `lecture_student` (`stud_number`,`reg_date`,  `lecture_id` ) VALUES (212280693, '2020-01-14' ,78);
 INSERT INTO `lecture_student` (`stud_number`,`reg_date`,  `lecture_id` ) VALUES (212280693, '2020-01-14' ,77);
 INSERT INTO `lecture_student` (`stud_number`,`reg_date`,  `lecture_id` ) VALUES (212280693, '2020-01-14' ,80);
 INSERT INTO `lecture_student` (`stud_number`,`reg_date`,  `lecture_id` ) VALUES (212280693, '2020-01-14', 65);
 INSERT INTO `lecture_student` (`stud_number`,`reg_date`,  `lecture_id` ) VALUES (212280693, '2020-01-14' ,64);
 INSERT INTO `lecture_student` (`stud_number`,`reg_date`,  `lecture_id` ) VALUES (212280693, '2020-01-14' ,11);
 INSERT INTO `student_course_registation` ( `stud_number`, `course_id` ) VALUES (212882511, 1);
 INSERT INTO `lecture_student` (`stud_number`,`reg_date`,  `lecture_id` ) VALUES (212882511, '2020-01-14', 81);
 INSERT INTO `lecture_student` (`stud_number`,`reg_date`,  `lecture_id` ) VALUES (212882511, '2020-01-14' ,79);
 INSERT INTO `lecture_student` (`stud_number`,`reg_date`,  `lecture_id` ) VALUES (212882511, '2020-01-14' ,77);
 INSERT INTO `lecture_student` (`stud_number`,`reg_date`,  `lecture_id` ) VALUES (212882511, '2020-01-14' ,80);
 INSERT INTO `lecture_student` (`stud_number`,`reg_date`,  `lecture_id` ) VALUES (212882511, '2020-01-14', 65);
 INSERT INTO `lecture_student` (`stud_number`,`reg_date`,  `lecture_id` ) VALUES (212882511, '2020-01-14' ,11);
 INSERT INTO `student_course_registation` ( `stud_number`, `course_id` ) VALUES (212121407, 1);
 INSERT INTO `lecture_student` (`stud_number`,`reg_date`,  `lecture_id` ) VALUES (212121407, '2020-01-14', 81);
 INSERT INTO `lecture_student` (`stud_number`,`reg_date`,  `lecture_id` ) VALUES (212121407, '2020-01-14' ,79);
 INSERT INTO `lecture_student` (`stud_number`,`reg_date`,  `lecture_id` ) VALUES (212121407, '2020-01-14' ,78);
 INSERT INTO `lecture_student` (`stud_number`,`reg_date`,  `lecture_id` ) VALUES (212121407, '2020-01-14' ,77);
 INSERT INTO `lecture_student` (`stud_number`,`reg_date`,  `lecture_id` ) VALUES (212121407, '2020-01-14' ,80);
 INSERT INTO `lecture_student` (`stud_number`,`reg_date`,  `lecture_id` ) VALUES (212121407, '2020-01-14', 65);
 INSERT INTO `lecture_student` (`stud_number`,`reg_date`,  `lecture_id` ) VALUES (212121407, '2020-01-14' ,64);
 INSERT INTO `lecture_student` (`stud_number`,`reg_date`,  `lecture_id` ) VALUES (212121407, '2020-01-14' ,11);
 INSERT INTO `student_course_registation` ( `stud_number`, `course_id` ) VALUES (212384333, 1);
 INSERT INTO `lecture_student` (`stud_number`,`reg_date`,  `lecture_id` ) VALUES (212384333, '2020-01-14', 81);
 INSERT INTO `lecture_student` (`stud_number`,`reg_date`,  `lecture_id` ) VALUES (212384333, '2020-01-14' ,79);
 INSERT INTO `lecture_student` (`stud_number`,`reg_date`,  `lecture_id` ) VALUES (212384333, '2020-01-14' ,77);
 INSERT INTO `lecture_student` (`stud_number`,`reg_date`,  `lecture_id` ) VALUES (212384333, '2020-01-14' ,80);
 INSERT INTO `lecture_student` (`stud_number`,`reg_date`,  `lecture_id` ) VALUES (212384333, '2020-01-14', 65);
 INSERT INTO `lecture_student` (`stud_number`,`reg_date`,  `lecture_id` ) VALUES (212384333, '2020-01-14' ,11);
 INSERT INTO `student_course_registation` ( `stud_number`, `course_id` ) VALUES (212903313, 1);
 INSERT INTO `lecture_student` (`stud_number`,`reg_date`,  `lecture_id` ) VALUES (212903313, '2020-01-14', 81);
 INSERT INTO `lecture_student` (`stud_number`,`reg_date`,  `lecture_id` ) VALUES (212903313, '2020-01-14' ,79);
 INSERT INTO `lecture_student` (`stud_number`,`reg_date`,  `lecture_id` ) VALUES (212903313, '2020-01-14' ,78);
 INSERT INTO `lecture_student` (`stud_number`,`reg_date`,  `lecture_id` ) VALUES (212903313, '2020-01-14' ,77);
 INSERT INTO `lecture_student` (`stud_number`,`reg_date`,  `lecture_id` ) VALUES (212903313, '2020-01-14', 65);
 INSERT INTO `lecture_student` (`stud_number`,`reg_date`,  `lecture_id` ) VALUES (212903313, '2020-01-14' ,64);
 INSERT INTO `lecture_student` (`stud_number`,`reg_date`,  `lecture_id` ) VALUES (212903313, '2020-01-14' ,11);
 INSERT INTO `student_course_registation` ( `stud_number`, `course_id` ) VALUES (212510050, 1);
 INSERT INTO `lecture_student` (`stud_number`,`reg_date`,  `lecture_id` ) VALUES (212510050, '2020-01-14', 81);
 INSERT INTO `lecture_student` (`stud_number`,`reg_date`,  `lecture_id` ) VALUES (212510050, '2020-01-14' ,77);
 INSERT INTO `lecture_student` (`stud_number`,`reg_date`,  `lecture_id` ) VALUES (212510050, '2020-01-14' ,80);
 INSERT INTO `lecture_student` (`stud_number`,`reg_date`,  `lecture_id` ) VALUES (212510050, '2020-01-14', 65);
 INSERT INTO `lecture_student` (`stud_number`,`reg_date`,  `lecture_id` ) VALUES (212510050, '2020-01-14' ,64);
 INSERT INTO `lecture_student` (`stud_number`,`reg_date`,  `lecture_id` ) VALUES (212510050, '2020-01-14' ,11);
 INSERT INTO `student_course_registation` ( `stud_number`, `course_id` ) VALUES (212330127, 1);
 INSERT INTO `lecture_student` (`stud_number`,`reg_date`,  `lecture_id` ) VALUES (212330127, '2020-01-14', 81);
 INSERT INTO `lecture_student` (`stud_number`,`reg_date`,  `lecture_id` ) VALUES (212330127, '2020-01-14' ,79);
 INSERT INTO `lecture_student` (`stud_number`,`reg_date`,  `lecture_id` ) VALUES (212330127, '2020-01-14' ,78);
 INSERT INTO `lecture_student` (`stud_number`,`reg_date`,  `lecture_id` ) VALUES (212330127, '2020-01-14' ,77);
 INSERT INTO `lecture_student` (`stud_number`,`reg_date`,  `lecture_id` ) VALUES (212330127, '2020-01-14' ,80);
 INSERT INTO `lecture_student` (`stud_number`,`reg_date`,  `lecture_id` ) VALUES (212330127, '2020-01-14', 65);
 INSERT INTO `lecture_student` (`stud_number`,`reg_date`,  `lecture_id` ) VALUES (212330127, '2020-01-14' ,64);
 INSERT INTO `lecture_student` (`stud_number`,`reg_date`,  `lecture_id` ) VALUES (212330127, '2020-01-14' ,11);
 INSERT INTO `student_course_registation` ( `stud_number`, `course_id` ) VALUES (212285694, 1);
 INSERT INTO `lecture_student` (`stud_number`,`reg_date`,  `lecture_id` ) VALUES (212285694, '2020-01-14', 81);
 INSERT INTO `lecture_student` (`stud_number`,`reg_date`,  `lecture_id` ) VALUES (212285694, '2020-01-14' ,79);
 INSERT INTO `lecture_student` (`stud_number`,`reg_date`,  `lecture_id` ) VALUES (212285694, '2020-01-14' ,77);
 INSERT INTO `lecture_student` (`stud_number`,`reg_date`,  `lecture_id` ) VALUES (212285694, '2020-01-14' ,80);
 INSERT INTO `lecture_student` (`stud_number`,`reg_date`,  `lecture_id` ) VALUES (212285694, '2020-01-14', 65);
 INSERT INTO `lecture_student` (`stud_number`,`reg_date`,  `lecture_id` ) VALUES (212285694, '2020-01-14' ,64);
 INSERT INTO `lecture_student` (`stud_number`,`reg_date`,  `lecture_id` ) VALUES (212285694, '2020-01-14' ,11);
 INSERT INTO `student_course_registation` ( `stud_number`, `course_id` ) VALUES (212211565, 1);
 INSERT INTO `lecture_student` (`stud_number`,`reg_date`,  `lecture_id` ) VALUES (212211565, '2020-01-14', 81);
 INSERT INTO `lecture_student` (`stud_number`,`reg_date`,  `lecture_id` ) VALUES (212211565, '2020-01-14' ,78);
 INSERT INTO `lecture_student` (`stud_number`,`reg_date`,  `lecture_id` ) VALUES (212211565, '2020-01-14' ,77);
 INSERT INTO `lecture_student` (`stud_number`,`reg_date`,  `lecture_id` ) VALUES (212211565, '2020-01-14' ,80);
 INSERT INTO `lecture_student` (`stud_number`,`reg_date`,  `lecture_id` ) VALUES (212211565, '2020-01-14', 65);
 INSERT INTO `lecture_student` (`stud_number`,`reg_date`,  `lecture_id` ) VALUES (212211565, '2020-01-14' ,64);
 INSERT INTO `lecture_student` (`stud_number`,`reg_date`,  `lecture_id` ) VALUES (212211565, '2020-01-14' ,11);
 INSERT INTO `student_course_registation` ( `stud_number`, `course_id` ) VALUES (212860790, 1);
 INSERT INTO `lecture_student` (`stud_number`,`reg_date`,  `lecture_id` ) VALUES (212860790, '2020-01-14' ,79);
 INSERT INTO `lecture_student` (`stud_number`,`reg_date`,  `lecture_id` ) VALUES (212860790, '2020-01-14' ,77);
 INSERT INTO `lecture_student` (`stud_number`,`reg_date`,  `lecture_id` ) VALUES (212860790, '2020-01-14', 65);
 INSERT INTO `lecture_student` (`stud_number`,`reg_date`,  `lecture_id` ) VALUES (212860790, '2020-01-14' ,64);
 INSERT INTO `lecture_student` (`stud_number`,`reg_date`,  `lecture_id` ) VALUES (212860790, '2020-01-14' ,11);
 INSERT INTO `student_course_registation` ( `stud_number`, `course_id` ) VALUES (212691112, 1);
 INSERT INTO `lecture_student` (`stud_number`,`reg_date`,  `lecture_id` ) VALUES (212691112, '2020-01-14', 81);
 INSERT INTO `lecture_student` (`stud_number`,`reg_date`,  `lecture_id` ) VALUES (212691112, '2020-01-14' ,78);
 INSERT INTO `lecture_student` (`stud_number`,`reg_date`,  `lecture_id` ) VALUES (212691112, '2020-01-14' ,77);
 INSERT INTO `lecture_student` (`stud_number`,`reg_date`,  `lecture_id` ) VALUES (212691112, '2020-01-14' ,80);
 INSERT INTO `lecture_student` (`stud_number`,`reg_date`,  `lecture_id` ) VALUES (212691112, '2020-01-14', 65);
 INSERT INTO `lecture_student` (`stud_number`,`reg_date`,  `lecture_id` ) VALUES (212691112, '2020-01-14' ,64);
 INSERT INTO `lecture_student` (`stud_number`,`reg_date`,  `lecture_id` ) VALUES (212691112, '2020-01-14' ,11);
 INSERT INTO `student_course_registation` ( `stud_number`, `course_id` ) VALUES (212746383, 1);
 INSERT INTO `lecture_student` (`stud_number`,`reg_date`,  `lecture_id` ) VALUES (212746383, '2020-01-14' ,79);
 INSERT INTO `lecture_student` (`stud_number`,`reg_date`,  `lecture_id` ) VALUES (212746383, '2020-01-14' ,77);
 INSERT INTO `lecture_student` (`stud_number`,`reg_date`,  `lecture_id` ) VALUES (212746383, '2020-01-14', 65);
 INSERT INTO `lecture_student` (`stud_number`,`reg_date`,  `lecture_id` ) VALUES (212746383, '2020-01-14' ,64);
 INSERT INTO `lecture_student` (`stud_number`,`reg_date`,  `lecture_id` ) VALUES (212746383, '2020-01-14' ,11);
 INSERT INTO `student_course_registation` ( `stud_number`, `course_id` ) VALUES (212400997, 1);
 INSERT INTO `lecture_student` (`stud_number`,`reg_date`,  `lecture_id` ) VALUES (212400997, '2020-01-14', 81);
 INSERT INTO `lecture_student` (`stud_number`,`reg_date`,  `lecture_id` ) VALUES (212400997, '2020-01-14' ,78);
 INSERT INTO `lecture_student` (`stud_number`,`reg_date`,  `lecture_id` ) VALUES (212400997, '2020-01-14' ,77);
 INSERT INTO `lecture_student` (`stud_number`,`reg_date`,  `lecture_id` ) VALUES (212400997, '2020-01-14' ,80);
 INSERT INTO `lecture_student` (`stud_number`,`reg_date`,  `lecture_id` ) VALUES (212400997, '2020-01-14', 65);
 INSERT INTO `lecture_student` (`stud_number`,`reg_date`,  `lecture_id` ) VALUES (212400997, '2020-01-14' ,64);
 INSERT INTO `lecture_student` (`stud_number`,`reg_date`,  `lecture_id` ) VALUES (212400997, '2020-01-14' ,11);
 INSERT INTO `student_course_registation` ( `stud_number`, `course_id` ) VALUES (212514279, 1);
 INSERT INTO `lecture_student` (`stud_number`,`reg_date`,  `lecture_id` ) VALUES (212514279, '2020-01-14', 81);
 INSERT INTO `lecture_student` (`stud_number`,`reg_date`,  `lecture_id` ) VALUES (212514279, '2020-01-14' ,77);
 INSERT INTO `lecture_student` (`stud_number`,`reg_date`,  `lecture_id` ) VALUES (212514279, '2020-01-14' ,80);
 INSERT INTO `lecture_student` (`stud_number`,`reg_date`,  `lecture_id` ) VALUES (212514279, '2020-01-14', 65);
 INSERT INTO `lecture_student` (`stud_number`,`reg_date`,  `lecture_id` ) VALUES (212514279, '2020-01-14' ,64);
 INSERT INTO `lecture_student` (`stud_number`,`reg_date`,  `lecture_id` ) VALUES (212514279, '2020-01-14' ,11);
 INSERT INTO `student_course_registation` ( `stud_number`, `course_id` ) VALUES (212611289, 1);
 INSERT INTO `lecture_student` (`stud_number`,`reg_date`,  `lecture_id` ) VALUES (212611289, '2020-01-14', 81);
 INSERT INTO `lecture_student` (`stud_number`,`reg_date`,  `lecture_id` ) VALUES (212611289, '2020-01-14' ,79);
 INSERT INTO `lecture_student` (`stud_number`,`reg_date`,  `lecture_id` ) VALUES (212611289, '2020-01-14' ,77);
 INSERT INTO `lecture_student` (`stud_number`,`reg_date`,  `lecture_id` ) VALUES (212611289, '2020-01-14' ,80);
 INSERT INTO `lecture_student` (`stud_number`,`reg_date`,  `lecture_id` ) VALUES (212611289, '2020-01-14', 65);
 INSERT INTO `lecture_student` (`stud_number`,`reg_date`,  `lecture_id` ) VALUES (212611289, '2020-01-14' ,64);
 INSERT INTO `student_course_registation` ( `stud_number`, `course_id` ) VALUES (212182285, 1);
 INSERT INTO `lecture_student` (`stud_number`,`reg_date`,  `lecture_id` ) VALUES (212182285, '2020-01-14', 81);
 INSERT INTO `lecture_student` (`stud_number`,`reg_date`,  `lecture_id` ) VALUES (212182285, '2020-01-14' ,77);
 INSERT INTO `lecture_student` (`stud_number`,`reg_date`,  `lecture_id` ) VALUES (212182285, '2020-01-14' ,80);
 INSERT INTO `lecture_student` (`stud_number`,`reg_date`,  `lecture_id` ) VALUES (212182285, '2020-01-14', 65);
 INSERT INTO `lecture_student` (`stud_number`,`reg_date`,  `lecture_id` ) VALUES (212182285, '2020-01-14' ,64);
 INSERT INTO `lecture_student` (`stud_number`,`reg_date`,  `lecture_id` ) VALUES (212182285, '2020-01-14' ,11);
 INSERT INTO `student_course_registation` ( `stud_number`, `course_id` ) VALUES (212661355, 1);
 INSERT INTO `lecture_student` (`stud_number`,`reg_date`,  `lecture_id` ) VALUES (212661355, '2020-01-14', 81);
 INSERT INTO `lecture_student` (`stud_number`,`reg_date`,  `lecture_id` ) VALUES (212661355, '2020-01-14' ,79);
 INSERT INTO `lecture_student` (`stud_number`,`reg_date`,  `lecture_id` ) VALUES (212661355, '2020-01-14' ,78);
 INSERT INTO `lecture_student` (`stud_number`,`reg_date`,  `lecture_id` ) VALUES (212661355, '2020-01-14', 65);
 INSERT INTO `lecture_student` (`stud_number`,`reg_date`,  `lecture_id` ) VALUES (212661355, '2020-01-14' ,64);
 INSERT INTO `lecture_student` (`stud_number`,`reg_date`,  `lecture_id` ) VALUES (212661355, '2020-01-14' ,11);